page_url,category,subcategory,category_path
https://www.screwfix.com//c/tools/power-tools/cat830692,Tools,Power tools,/c/tools/power-tools/cat830692
https://www.screwfix.com//c/tools/drills/cat830704,Tools,Drills,/c/tools/drills/cat830704
https://www.screwfix.com//c/tools/saws/cat830716,Tools,Saws,/c/tools/saws/cat830716
https://www.screwfix.com//c/tools/kits-twinpacks/cat830712,Tools,Kits twinpacks,/c/tools/kits-twinpacks/cat830712
https://www.screwfix.com//c/tools/impact-drivers-wrenches/cat830838,Tools,Impact drivers wrenches,/c/tools/impact-drivers-wrenches/cat830838
https://www.screwfix.com//c/tools/power-tool-batteries-chargers/cat830696,Tools,Power tool batteries chargers,/c/tools/power-tool-batteries-chargers/cat830696
https://www.screwfix.com//c/tools/bare-units/cat7230005,Tools,Bare units,/c/tools/bare-units/cat7230005
https://www.screwfix.com//c/tools/angle-grinders/cat830694,Tools,Angle grinders,/c/tools/angle-grinders/cat830694
https://www.screwfix.com//c/tools/multi-tools/cat830708,Tools,Multi tools,/c/tools/multi-tools/cat830708
https://www.screwfix.com//c/tools/planers/cat830902,Tools,Planers,/c/tools/planers/cat830902
https://www.screwfix.com//c/tools/electric-screwdrivers/cat830720,Tools,Electric screwdrivers,/c/tools/electric-screwdrivers/cat830720
https://www.screwfix.com//c/tools/sanders/cat830906,Tools,Sanders,/c/tools/sanders/cat830906
https://www.screwfix.com//c/tools/polishers/cat12980002,Tools,Polishers,/c/tools/polishers/cat12980002
https://www.screwfix.com//c/tools/nail-guns/cat830710,Tools,Nail guns,/c/tools/nail-guns/cat830710
https://www.screwfix.com//c/tools/power-tool-accessories/cat830036,Tools,Power tool accessories,/c/tools/power-tool-accessories/cat830036
https://www.screwfix.com//c/tools/drilling/cat5920002,Tools,Drilling,/c/tools/drilling/cat5920002
https://www.screwfix.com//c/tools/screwdriver-bits/cat5970004,Tools,Screwdriver bits,/c/tools/screwdriver-bits/cat5970004
https://www.screwfix.com//c/tools/cutting-blades/cat5970020,Tools,Cutting blades,/c/tools/cutting-blades/cat5970020
https://www.screwfix.com//c/tools/multi-tool-accessories/cat6160058,Tools,Multi tool accessories,/c/tools/multi-tool-accessories/cat6160058
https://www.screwfix.com//c/tools/angle-grinder-discs/cat5990032,Tools,Angle grinder discs,/c/tools/angle-grinder-discs/cat5990032
https://www.screwfix.com//c/tools/sanding/cat6270002,Tools,Sanding,/c/tools/sanding/cat6270002
https://www.screwfix.com//c/tools/routing/cat5990014,Tools,Routing,/c/tools/routing/cat5990014
https://www.screwfix.com//c/tools/paddle-mixers/cat6160074,Tools,Paddle mixers,/c/tools/paddle-mixers/cat6160074
https://www.screwfix.com//c/tools/hand-tools/cat830992,Tools,Hand tools,/c/tools/hand-tools/cat830992
https://www.screwfix.com//c/tools/tool-kits/cat6000006,Tools,Tool kits,/c/tools/tool-kits/cat6000006
https://www.screwfix.com//c/tools/sockets-spanners/cat3470004,Tools,Sockets spanners,/c/tools/sockets-spanners/cat3470004
https://www.screwfix.com//c/tools/screwdrivers-hex-keys/cat831030,Tools,Screwdrivers hex keys,/c/tools/screwdrivers-hex-keys/cat831030
https://www.screwfix.com//c/tools/pliers-cutters/cat831008,Tools,Pliers cutters,/c/tools/pliers-cutters/cat831008
https://www.screwfix.com//c/tools/sawing-cutting/cat9790005,Tools,Sawing cutting,/c/tools/sawing-cutting/cat9790005
https://www.screwfix.com//c/tools/hammers-demolition/cat9790001,Tools,Hammers demolition,/c/tools/hammers-demolition/cat9790001
https://www.screwfix.com//c/tools/cleaning-prep/cat8940004,Tools,Cleaning prep,/c/tools/cleaning-prep/cat8940004
https://www.screwfix.com//c/tools/tiling-tools/cat831290,Tools,Tiling tools,/c/tools/tiling-tools/cat831290
https://www.screwfix.com//c/tools/building-tools/cat831276,Tools,Building tools,/c/tools/building-tools/cat831276
https://www.screwfix.com//c/tools/electrical-tools/cat3660002,Tools,Electrical tools,/c/tools/electrical-tools/cat3660002
https://www.screwfix.com//c/tools/plumbing-tools/cat831286,Tools,Plumbing tools,/c/tools/plumbing-tools/cat831286
https://www.screwfix.com//c/tools/woodworking-tools/cat9800001,Tools,Woodworking tools,/c/tools/woodworking-tools/cat9800001
https://www.screwfix.com//c/tools/plastering-tools/cat831284,Tools,Plastering tools,/c/tools/plastering-tools/cat831284
https://www.screwfix.com//c/tools/tool-storage/cat831040,Tools,Tool storage,/c/tools/tool-storage/cat831040
https://www.screwfix.com//c/tools/toolboxes/cat831374,Tools,Toolboxes,/c/tools/toolboxes/cat831374
https://www.screwfix.com//c/tools/tool-bags/cat831370,Tools,Tool bags,/c/tools/tool-bags/cat831370
https://www.screwfix.com//c/tools/tool-totes/cat7680001,Tools,Tool totes,/c/tools/tool-totes/cat7680001
https://www.screwfix.com//c/tools/organisers/cat831376,Tools,Organisers,/c/tools/organisers/cat831376
https://www.screwfix.com//c/tools/tool-belts-holders/cat831372,Tools,Tool belts holders,/c/tools/tool-belts-holders/cat831372
https://www.screwfix.com//c/tools/tool-storage-systems/cat12830001,Tools,Tool storage systems,/c/tools/tool-storage-systems/cat12830001
https://www.screwfix.com//c/tools/measuring-tools/cat9260004,Tools,Measuring tools,/c/tools/measuring-tools/cat9260004
https://www.screwfix.com//c/tools/laser-levels/cat9740003,Tools,Laser levels,/c/tools/laser-levels/cat9740003
https://www.screwfix.com//c/tools/spirit-levels/cat9740004,Tools,Spirit levels,/c/tools/spirit-levels/cat9740004
https://www.screwfix.com//c/tools/laser-measures/cat9740006,Tools,Laser measures,/c/tools/laser-measures/cat9740006
https://www.screwfix.com//c/tools/tape-measures/cat831176,Tools,Tape measures,/c/tools/tape-measures/cat831176
https://www.screwfix.com//c/tools/squares/cat14550006,Tools,Squares,/c/tools/squares/cat14550006
https://www.screwfix.com//c/tools/angle-finders/cat9740005,Tools,Angle finders,/c/tools/angle-finders/cat9740005
https://www.screwfix.com//c/tools/sliding-bevels/cat14550005,Tools,Sliding bevels,/c/tools/sliding-bevels/cat14550005
https://www.screwfix.com//c/tools/vernier-callipers/cat14550007,Tools,Vernier callipers,/c/tools/vernier-callipers/cat14550007
https://www.screwfix.com//c/tools/rulers/cat9740009,Tools,Rulers,/c/tools/rulers/cat9740009
https://www.screwfix.com//c/tools/marking-gauges/cat14550001,Tools,Marking gauges,/c/tools/marking-gauges/cat14550001
https://www.screwfix.com//c/tools/measuring-wheels/cat14550002,Tools,Measuring wheels,/c/tools/measuring-wheels/cat14550002
https://www.screwfix.com//c/tools/testing-equipment/cat8830001,Tools,Testing equipment,/c/tools/testing-equipment/cat8830001
https://www.screwfix.com//c/tools/thermometers/cat9810005,Tools,Thermometers,/c/tools/thermometers/cat9810005
https://www.screwfix.com//c/tools/electrical-testers/cat7910001,Tools,Electrical testers,/c/tools/electrical-testers/cat7910001
https://www.screwfix.com//c/tools/detectors/cat9810010,Tools,Detectors,/c/tools/detectors/cat9810010
https://www.screwfix.com//c/tools/meters/cat9810009,Tools,Meters,/c/tools/meters/cat9810009
https://www.screwfix.com//c/tools/scanners/cat9810007,Tools,Scanners,/c/tools/scanners/cat9810007
https://www.screwfix.com//c/heating-plumbing/radiators/cat830960,Heating plumbing,Radiators,/c/heating-plumbing/radiators/cat830960
https://www.screwfix.com//c/heating-plumbing/central-heating-radiators/cat830988,Heating plumbing,Central heating radiators,/c/heating-plumbing/central-heating-radiators/cat830988
https://www.screwfix.com//c/heating-plumbing/towel-radiators/cat830996,Heating plumbing,Towel radiators,/c/heating-plumbing/towel-radiators/cat830996
https://www.screwfix.com//c/heating-plumbing/designer-radiators/cat830990,Heating plumbing,Designer radiators,/c/heating-plumbing/designer-radiators/cat830990
https://www.screwfix.com//c/heating-plumbing/column-radiators/cat5840006,Heating plumbing,Column radiators,/c/heating-plumbing/column-radiators/cat5840006
https://www.screwfix.com//c/heating-plumbing/oil-filled-radiators/cat7230008,Heating plumbing,Oil filled radiators,/c/heating-plumbing/oil-filled-radiators/cat7230008
https://www.screwfix.com//c/heating-plumbing/electric-radiators/cat4840006,Heating plumbing,Electric radiators,/c/heating-plumbing/electric-radiators/cat4840006
https://www.screwfix.com//c/heating-plumbing/radiator-valves/cat830962,Heating plumbing,Radiator valves,/c/heating-plumbing/radiator-valves/cat830962
https://www.screwfix.com//c/heating-plumbing/radiator-parts-accessories/cat10420002,Heating plumbing,Radiator parts accessories,/c/heating-plumbing/radiator-parts-accessories/cat10420002
https://www.screwfix.com//c/heating-plumbing/central-heating/cat830966,Heating plumbing,Central heating,/c/heating-plumbing/central-heating/cat830966
https://www.screwfix.com//c/heating-plumbing/boilers/cat6660001,Heating plumbing,Boilers,/c/heating-plumbing/boilers/cat6660001
https://www.screwfix.com//c/heating-plumbing/flues-boiler-accessories/cat830978,Heating plumbing,Flues boiler accessories,/c/heating-plumbing/flues-boiler-accessories/cat830978
https://www.screwfix.com//c/heating-plumbing/central-heating-controls/cat831042,Heating plumbing,Central heating controls,/c/heating-plumbing/central-heating-controls/cat831042
https://www.screwfix.com//c/heating-plumbing/central-heating-treatments/cat831046,Heating plumbing,Central heating treatments,/c/heating-plumbing/central-heating-treatments/cat831046
https://www.screwfix.com//c/heating-plumbing/central-heating-pumps/cat831036,Heating plumbing,Central heating pumps,/c/heating-plumbing/central-heating-pumps/cat831036
https://www.screwfix.com//c/heating-plumbing/central-heating-filters/cat2840004,Heating plumbing,Central heating filters,/c/heating-plumbing/central-heating-filters/cat2840004
https://www.screwfix.com//c/heating-plumbing/smart-heating/cat10340001,Heating plumbing,Smart heating,/c/heating-plumbing/smart-heating/cat10340001
https://www.screwfix.com//c/heating-plumbing/hot-water-cylinders/cat830956,Heating plumbing,Hot water cylinders,/c/heating-plumbing/hot-water-cylinders/cat830956
https://www.screwfix.com//c/heating-plumbing/water-heaters/cat830974,Heating plumbing,Water heaters,/c/heating-plumbing/water-heaters/cat830974
https://www.screwfix.com//c/heating-plumbing/motorised-valves/cat831028,Heating plumbing,Motorised valves,/c/heating-plumbing/motorised-valves/cat831028
https://www.screwfix.com//c/heating-plumbing/underfloor-heating/cat830968,Heating plumbing,Underfloor heating,/c/heating-plumbing/underfloor-heating/cat830968
https://www.screwfix.com//c/heating-plumbing/plumbing/cat831494,Heating plumbing,Plumbing,/c/heating-plumbing/plumbing/cat831494
https://www.screwfix.com//c/heating-plumbing/pipe/cat831500,Heating plumbing,Pipe,/c/heating-plumbing/pipe/cat831500
https://www.screwfix.com//c/heating-plumbing/pipe-fittings/cat831504,Heating plumbing,Pipe fittings,/c/heating-plumbing/pipe-fittings/cat831504
https://www.screwfix.com//c/heating-plumbing/pipe-insulation/cat831554,Heating plumbing,Pipe insulation,/c/heating-plumbing/pipe-insulation/cat831554
https://www.screwfix.com//c/heating-plumbing/mdpe/cat831580,Heating plumbing,Mdpe,/c/heating-plumbing/mdpe/cat831580
https://www.screwfix.com//c/heating-plumbing/waste-pipe-fittings/cat831524,Heating plumbing,Waste pipe fittings,/c/heating-plumbing/waste-pipe-fittings/cat831524
https://www.screwfix.com//c/heating-plumbing/pipe-covers-clips/cat831558,Heating plumbing,Pipe covers clips,/c/heating-plumbing/pipe-covers-clips/cat831558
https://www.screwfix.com//c/heating-plumbing/wastes-traps/cat2410005,Heating plumbing,Wastes traps,/c/heating-plumbing/wastes-traps/cat2410005
https://www.screwfix.com//c/heating-plumbing/flexible-hoses/cat831572,Heating plumbing,Flexible hoses,/c/heating-plumbing/flexible-hoses/cat831572
https://www.screwfix.com//c/heating-plumbing/brassware-valves-taps/cat831576,Heating plumbing,Brassware valves taps,/c/heating-plumbing/brassware-valves-taps/cat831576
https://www.screwfix.com//c/heating-plumbing/toilet-spares/cat831530,Heating plumbing,Toilet spares,/c/heating-plumbing/toilet-spares/cat831530
https://www.screwfix.com//c/heating-plumbing/macerators/cat831614,Heating plumbing,Macerators,/c/heating-plumbing/macerators/cat831614
https://www.screwfix.com//c/heating-plumbing/kitchen-gas-fittings/cat831578,Heating plumbing,Kitchen gas fittings,/c/heating-plumbing/kitchen-gas-fittings/cat831578
https://www.screwfix.com//c/heating-plumbing/water-treatment/cat831542,Heating plumbing,Water treatment,/c/heating-plumbing/water-treatment/cat831542
https://www.screwfix.com//c/heating-plumbing/guttering-drainage/cat8940017,Heating plumbing,Guttering drainage,/c/heating-plumbing/guttering-drainage/cat8940017
https://www.screwfix.com//c/heating-plumbing/soil-pipe/cat7760005,Heating plumbing,Soil pipe,/c/heating-plumbing/soil-pipe/cat7760005
https://www.screwfix.com//c/heating-plumbing/guttering/cat831536,Heating plumbing,Guttering,/c/heating-plumbing/guttering/cat831536
https://www.screwfix.com//c/heating-plumbing/underground-drainage/cat831514,Heating plumbing,Underground drainage,/c/heating-plumbing/underground-drainage/cat831514
https://www.screwfix.com//c/heating-plumbing/drainage-channels/cat850408,Heating plumbing,Drainage channels,/c/heating-plumbing/drainage-channels/cat850408
https://www.screwfix.com//c/heating-plumbing/fires-stoves-electric-heating/cat7230007,Heating plumbing,Fires stoves electric heating,/c/heating-plumbing/fires-stoves-electric-heating/cat7230007
https://www.screwfix.com//c/heating-plumbing/fireplaces-stoves/cat830972,Heating plumbing,Fireplaces stoves,/c/heating-plumbing/fireplaces-stoves/cat830972
https://www.screwfix.com//c/heating-plumbing/heaters/cat831056,Heating plumbing,Heaters,/c/heating-plumbing/heaters/cat831056
https://www.screwfix.com//c/heating-plumbing/ventilation/cat840488,Heating plumbing,Ventilation,/c/heating-plumbing/ventilation/cat840488
https://www.screwfix.com//c/heating-plumbing/extractor-fans/cat840510,Heating plumbing,Extractor fans,/c/heating-plumbing/extractor-fans/cat840510
https://www.screwfix.com//c/heating-plumbing/dehumidifiers/cat840500,Heating plumbing,Dehumidifiers,/c/heating-plumbing/dehumidifiers/cat840500
https://www.screwfix.com//c/heating-plumbing/moisture-traps/cat14640001,Heating plumbing,Moisture traps,/c/heating-plumbing/moisture-traps/cat14640001
https://www.screwfix.com//c/heating-plumbing/air-conditioning/cat840494,Heating plumbing,Air conditioning,/c/heating-plumbing/air-conditioning/cat840494
https://www.screwfix.com//c/heating-plumbing/fans/cat840516,Heating plumbing,Fans,/c/heating-plumbing/fans/cat840516
https://www.screwfix.com//c/heating-plumbing/ducting/cat840506,Heating plumbing,Ducting,/c/heating-plumbing/ducting/cat840506
https://www.screwfix.com//c/heating-plumbing/air-vents/cat840496,Heating plumbing,Air vents,/c/heating-plumbing/air-vents/cat840496
https://www.screwfix.com//c/heating-plumbing/building-ventilation/cat850200,Heating plumbing,Building ventilation,/c/heating-plumbing/building-ventilation/cat850200
https://www.screwfix.com//c/building-doors/roofing-ventilation/cat850306,Building doors,Roofing ventilation,/c/building-doors/roofing-ventilation/cat850306
https://www.screwfix.com//c/electrical-lighting/wiring-accessories/cat830122,Electrical lighting,Wiring accessories,/c/electrical-lighting/wiring-accessories/cat830122
https://www.screwfix.com//c/electrical-lighting/switches-sockets/cat830530,Electrical lighting,Switches sockets,/c/electrical-lighting/switches-sockets/cat830530
https://www.screwfix.com//c/electrical-lighting/outdoor-switches-sockets/cat830538,Electrical lighting,Outdoor switches sockets,/c/electrical-lighting/outdoor-switches-sockets/cat830538
https://www.screwfix.com//c/electrical-lighting/back-boxes/cat7230011,Electrical lighting,Back boxes,/c/electrical-lighting/back-boxes/cat7230011
https://www.screwfix.com//c/electrical-lighting/junction-boxes/cat830522,Electrical lighting,Junction boxes,/c/electrical-lighting/junction-boxes/cat830522
https://www.screwfix.com//c/electrical-lighting/metal-clad-switches-sockets/cat2430004,Electrical lighting,Metal clad switches sockets,/c/electrical-lighting/metal-clad-switches-sockets/cat2430004
https://www.screwfix.com//c/electrical-lighting/grid-modular-wiring/cat830532,Electrical lighting,Grid modular wiring,/c/electrical-lighting/grid-modular-wiring/cat830532
https://www.screwfix.com//c/electrical-lighting/plugs-fuses/cat5300062,Electrical lighting,Plugs fuses,/c/electrical-lighting/plugs-fuses/cat5300062
https://www.screwfix.com//c/electrical-lighting/timers-controllers/cat830128,Electrical lighting,Timers controllers,/c/electrical-lighting/timers-controllers/cat830128
https://www.screwfix.com//c/electrical-lighting/socket-converters/cat830536,Electrical lighting,Socket converters,/c/electrical-lighting/socket-converters/cat830536
https://www.screwfix.com//c/electrical-lighting/combination-plates/cat8060001,Electrical lighting,Combination plates,/c/electrical-lighting/combination-plates/cat8060001
https://www.screwfix.com//c/electrical-lighting/floor-sockets-boxes/cat1470002,Electrical lighting,Floor sockets boxes,/c/electrical-lighting/floor-sockets-boxes/cat1470002
https://www.screwfix.com//c/electrical-lighting/cable-cable-management/cat830108,Electrical lighting,Cable cable management,/c/electrical-lighting/cable-cable-management/cat830108
https://www.screwfix.com//c/electrical-lighting/cable/cat8960001,Electrical lighting,Cable,/c/electrical-lighting/cable/cat8960001
https://www.screwfix.com//c/electrical-lighting/cable-management/cat1150038,Electrical lighting,Cable management,/c/electrical-lighting/cable-management/cat1150038
https://www.screwfix.com//c/electrical-lighting/cable-reels-extension-leads/cat830082,Electrical lighting,Cable reels extension leads,/c/electrical-lighting/cable-reels-extension-leads/cat830082
https://www.screwfix.com//c/electrical-lighting/cable-connectors/cat7230015,Electrical lighting,Cable connectors,/c/electrical-lighting/cable-connectors/cat7230015
https://www.screwfix.com//c/electrical-lighting/cable-ties/cat830570,Electrical lighting,Cable ties,/c/electrical-lighting/cable-ties/cat830570
https://www.screwfix.com//c/electrical-lighting/glands-grommets/cat830484,Electrical lighting,Glands grommets,/c/electrical-lighting/glands-grommets/cat830484
https://www.screwfix.com//c/electrical-lighting/cable-clips/cat830572,Electrical lighting,Cable clips,/c/electrical-lighting/cable-clips/cat830572
https://www.screwfix.com//c/electrical-lighting/terminal-strips-blocks/cat830486,Electrical lighting,Terminal strips blocks,/c/electrical-lighting/terminal-strips-blocks/cat830486
https://www.screwfix.com//c/electrical-lighting/label-printing/cat4370010,Electrical lighting,Label printing,/c/electrical-lighting/label-printing/cat4370010
https://www.screwfix.com//c/electrical-lighting/electrical-tape/cat7230019,Electrical lighting,Electrical tape,/c/electrical-lighting/electrical-tape/cat7230019
https://www.screwfix.com//c/electrical-lighting/crimps/cat830488,Electrical lighting,Crimps,/c/electrical-lighting/crimps/cat830488
https://www.screwfix.com//c/electrical-lighting/cable-sleeving/cat830468,Electrical lighting,Cable sleeving,/c/electrical-lighting/cable-sleeving/cat830468
https://www.screwfix.com//c/electrical-lighting/earthing/cat830482,Electrical lighting,Earthing,/c/electrical-lighting/earthing/cat830482
https://www.screwfix.com//c/electrical-lighting/power-distribution-circuit-protection/cat7230021,Electrical lighting,Power distribution circuit protection,/c/electrical-lighting/power-distribution-circuit-protection/cat7230021
https://www.screwfix.com//c/electrical-lighting/consumer-units/cat7230028,Electrical lighting,Consumer units,/c/electrical-lighting/consumer-units/cat7230028
https://www.screwfix.com//c/electrical-lighting/industrial-controls/cat13520001,Electrical lighting,Industrial controls,/c/electrical-lighting/industrial-controls/cat13520001
https://www.screwfix.com//c/electrical-lighting/mcbs/cat7230022,Electrical lighting,Mcbs,/c/electrical-lighting/mcbs/cat7230022
https://www.screwfix.com//c/electrical-lighting/rcbos/cat7230024,Electrical lighting,Rcbos,/c/electrical-lighting/rcbos/cat7230024
https://www.screwfix.com//c/electrical-lighting/rcds-rccbs/cat7230026,Electrical lighting,Rcds rccbs,/c/electrical-lighting/rcds-rccbs/cat7230026
https://www.screwfix.com//c/electrical-lighting/consumer-unit-accessories/cat8030002,Electrical lighting,Consumer unit accessories,/c/electrical-lighting/consumer-unit-accessories/cat8030002
https://www.screwfix.com//c/electrical-lighting/isolation-switches/cat1930006,Electrical lighting,Isolation switches,/c/electrical-lighting/isolation-switches/cat1930006
https://www.screwfix.com//c/electrical-lighting/site-transformers/cat830094,Electrical lighting,Site transformers,/c/electrical-lighting/site-transformers/cat830094
https://www.screwfix.com//c/electrical-lighting/3-phase-distribution/cat830494,Electrical lighting,3 phase distribution,/c/electrical-lighting/3-phase-distribution/cat830494
https://www.screwfix.com//c/security-ironmongery/safety-lock-offs/cat10780010,Security ironmongery,Safety lock offs,/c/security-ironmongery/safety-lock-offs/cat10780010
https://www.screwfix.com//c/electrical-lighting/domestic-electricals/cat13110001,Electrical lighting,Domestic electricals,/c/electrical-lighting/domestic-electricals/cat13110001
https://www.screwfix.com//c/electrical-lighting/tv-satellite/cat830130,Electrical lighting,Tv satellite,/c/electrical-lighting/tv-satellite/cat830130
https://www.screwfix.com//c/electrical-lighting/cctv-surveillance/cat810224,Electrical lighting,Cctv surveillance,/c/electrical-lighting/cctv-surveillance/cat810224
https://www.screwfix.com//c/electrical-lighting/data-networking/cat830114,Electrical lighting,Data networking,/c/electrical-lighting/data-networking/cat830114
https://www.screwfix.com//c/electrical-lighting/doorbells/cat830116,Electrical lighting,Doorbells,/c/electrical-lighting/doorbells/cat830116
https://www.screwfix.com//c/electrical-lighting/batteries/cat830106,Electrical lighting,Batteries,/c/electrical-lighting/batteries/cat830106
https://www.screwfix.com//c/electrical-lighting/battery-chargers/cat830346,Electrical lighting,Battery chargers,/c/electrical-lighting/battery-chargers/cat830346
https://www.screwfix.com//c/electrical-lighting/alarms-sensors/cat10650011,Electrical lighting,Alarms sensors,/c/electrical-lighting/alarms-sensors/cat10650011
https://www.screwfix.com//c/electrical-lighting/speakers/cat7790006,Electrical lighting,Speakers,/c/electrical-lighting/speakers/cat7790006
https://www.screwfix.com//c/electrical-lighting/telephone-accessories/cat830124,Electrical lighting,Telephone accessories,/c/electrical-lighting/telephone-accessories/cat830124
https://www.screwfix.com//c/electrical-lighting/mobile-payment-devices/cat6020002,Electrical lighting,Mobile payment devices,/c/electrical-lighting/mobile-payment-devices/cat6020002
https://www.screwfix.com//c/electrical-lighting/remote-controls/cat4320029,Electrical lighting,Remote controls,/c/electrical-lighting/remote-controls/cat4320029
https://www.screwfix.com//c/electrical-lighting/smart-homes/cat7240001,Electrical lighting,Smart homes,/c/electrical-lighting/smart-homes/cat7240001
https://www.screwfix.com//c/electrical-lighting/smart-electrical/cat4320011,Electrical lighting,Smart electrical,/c/electrical-lighting/smart-electrical/cat4320011
https://www.screwfix.com//c/electrical-lighting/smart-lighting/cat8860001,Electrical lighting,Smart lighting,/c/electrical-lighting/smart-lighting/cat8860001
https://www.screwfix.com//c/electrical-lighting/smart-home-kits/cat8840002,Electrical lighting,Smart home kits,/c/electrical-lighting/smart-home-kits/cat8840002
https://www.screwfix.com//c/electrical-lighting/lighting/cat840782,Electrical lighting,Lighting,/c/electrical-lighting/lighting/cat840782
https://www.screwfix.com//c/electrical-lighting/light-bulbs/cat8350001,Electrical lighting,Light bulbs,/c/electrical-lighting/light-bulbs/cat8350001
https://www.screwfix.com//c/electrical-lighting/tube-lights/cat2690010,Electrical lighting,Tube lights,/c/electrical-lighting/tube-lights/cat2690010
https://www.screwfix.com//c/electrical-lighting/downlights/cat840836,Electrical lighting,Downlights,/c/electrical-lighting/downlights/cat840836
https://www.screwfix.com//c/electrical-lighting/indoor-lighting/cat12410001,Electrical lighting,Indoor lighting,/c/electrical-lighting/indoor-lighting/cat12410001
https://www.screwfix.com//c/electrical-lighting/outdoor-lighting/cat8370001,Electrical lighting,Outdoor lighting,/c/electrical-lighting/outdoor-lighting/cat8370001
https://www.screwfix.com//c/electrical-lighting/wall-lights/cat840914,Electrical lighting,Wall lights,/c/electrical-lighting/wall-lights/cat840914
https://www.screwfix.com//c/electrical-lighting/work-lights/cat4780004,Electrical lighting,Work lights,/c/electrical-lighting/work-lights/cat4780004
https://www.screwfix.com//c/electrical-lighting/battens/cat3640003,Electrical lighting,Battens,/c/electrical-lighting/battens/cat3640003
https://www.screwfix.com//c/electrical-lighting/torches/cat4780002,Electrical lighting,Torches,/c/electrical-lighting/torches/cat4780002
https://www.screwfix.com//c/electrical-lighting/inspection-lamps/cat4780006,Electrical lighting,Inspection lamps,/c/electrical-lighting/inspection-lamps/cat4780006
https://www.screwfix.com//c/electrical-lighting/commercial-lighting/cat840784,Electrical lighting,Commercial lighting,/c/electrical-lighting/commercial-lighting/cat840784
https://www.screwfix.com//c/electrical-lighting/light-fittings/cat12410002,Electrical lighting,Light fittings,/c/electrical-lighting/light-fittings/cat12410002
https://www.screwfix.com//c/bathrooms-kitchens/showering/cat7310002,Bathrooms kitchens,Showering,/c/bathrooms-kitchens/showering/cat7310002
https://www.screwfix.com//c/bathrooms-kitchens/showers/cat820272,Bathrooms kitchens,Showers,/c/bathrooms-kitchens/showers/cat820272
https://www.screwfix.com//c/bathrooms-kitchens/shower-valves/cat820336,Bathrooms kitchens,Shower valves,/c/bathrooms-kitchens/shower-valves/cat820336
https://www.screwfix.com//c/bathrooms-kitchens/shower-pumps/cat820270,Bathrooms kitchens,Shower pumps,/c/bathrooms-kitchens/shower-pumps/cat820270
https://www.screwfix.com//c/bathrooms-kitchens/shower-screens/cat820004,Bathrooms kitchens,Shower screens,/c/bathrooms-kitchens/shower-screens/cat820004
https://www.screwfix.com//c/bathrooms-kitchens/shower-kits-riser-rails/cat820282,Bathrooms kitchens,Shower kits riser rails,/c/bathrooms-kitchens/shower-kits-riser-rails/cat820282
https://www.screwfix.com//c/bathrooms-kitchens/shower-hoses/cat820280,Bathrooms kitchens,Shower hoses,/c/bathrooms-kitchens/shower-hoses/cat820280
https://www.screwfix.com//c/bathrooms-kitchens/shower-heads/cat820278,Bathrooms kitchens,Shower heads,/c/bathrooms-kitchens/shower-heads/cat820278
https://www.screwfix.com//c/bathrooms-kitchens/shower-curtains-rails/cat820274,Bathrooms kitchens,Shower curtains rails,/c/bathrooms-kitchens/shower-curtains-rails/cat820274
https://www.screwfix.com//c/bathrooms-kitchens/shower-spares-parts/cat820276,Bathrooms kitchens,Shower spares parts,/c/bathrooms-kitchens/shower-spares-parts/cat820276
https://www.screwfix.com//c/bathrooms-kitchens/bathrooms/cat820010,Bathrooms kitchens,Bathrooms,/c/bathrooms-kitchens/bathrooms/cat820010
https://www.screwfix.com//c/bathrooms-kitchens/toilets-basins/cat9080002,Bathrooms kitchens,Toilets basins,/c/bathrooms-kitchens/toilets-basins/cat9080002
https://www.screwfix.com//c/bathrooms-kitchens/toilet-seats/cat820048,Bathrooms kitchens,Toilet seats,/c/bathrooms-kitchens/toilet-seats/cat820048
https://www.screwfix.com//c/bathrooms-kitchens/bathroom-accessories/cat820006,Bathrooms kitchens,Bathroom accessories,/c/bathrooms-kitchens/bathroom-accessories/cat820006
https://www.screwfix.com//c/bathrooms-kitchens/baths/cat820232,Bathrooms kitchens,Baths,/c/bathrooms-kitchens/baths/cat820232
https://www.screwfix.com//c/bathrooms-kitchens/bath-panels/cat820230,Bathrooms kitchens,Bath panels,/c/bathrooms-kitchens/bath-panels/cat820230
https://www.screwfix.com//c/bathrooms-kitchens/bathroom-furniture/cat820008,Bathrooms kitchens,Bathroom furniture,/c/bathrooms-kitchens/bathroom-furniture/cat820008
https://www.screwfix.com//c/bathrooms-kitchens/bathroom-taps/cat7310006,Bathrooms kitchens,Bathroom taps,/c/bathrooms-kitchens/bathroom-taps/cat7310006
https://www.screwfix.com//c/bathrooms-kitchens/taps/cat820012,Bathrooms kitchens,Taps,/c/bathrooms-kitchens/taps/cat820012
https://www.screwfix.com//c/bathrooms-kitchens/kitchen-taps/cat820368,Bathrooms kitchens,Kitchen taps,/c/bathrooms-kitchens/kitchen-taps/cat820368
https://www.screwfix.com//c/bathrooms-kitchens/commercial-taps/cat820222,Bathrooms kitchens,Commercial taps,/c/bathrooms-kitchens/commercial-taps/cat820222
https://www.screwfix.com//c/bathrooms-kitchens/reviver-kits-tap-spares/cat820108,Bathrooms kitchens,Reviver kits tap spares,/c/bathrooms-kitchens/reviver-kits-tap-spares/cat820108
https://www.screwfix.com//c/bathrooms-kitchens/commercial/cat7310033,Bathrooms kitchens,Commercial,/c/bathrooms-kitchens/commercial/cat7310033
https://www.screwfix.com//c/bathrooms-kitchens/hand-dryers/cat820224,Bathrooms kitchens,Hand dryers,/c/bathrooms-kitchens/hand-dryers/cat820224
https://www.screwfix.com//c/bathrooms-kitchens/commercial-basins/cat1470008,Bathrooms kitchens,Commercial basins,/c/bathrooms-kitchens/commercial-basins/cat1470008
https://www.screwfix.com//c/bathrooms-kitchens/urinals/cat5360004,Bathrooms kitchens,Urinals,/c/bathrooms-kitchens/urinals/cat5360004
https://www.screwfix.com//c/bathrooms-kitchens/drinking-fountains/cat3030002,Bathrooms kitchens,Drinking fountains,/c/bathrooms-kitchens/drinking-fountains/cat3030002
https://www.screwfix.com//c/heating-plumbing/toilet-flush-buttons/cat11430001,Heating plumbing,Toilet flush buttons,/c/heating-plumbing/toilet-flush-buttons/cat11430001
https://www.screwfix.com//c/heating-plumbing/commercial-extractors/cat840658,Heating plumbing,Commercial extractors,/c/heating-plumbing/commercial-extractors/cat840658
https://www.screwfix.com//c/bathrooms-kitchens/assisted-living/cat12590001,Bathrooms kitchens,Assisted living,/c/bathrooms-kitchens/assisted-living/cat12590001
https://www.screwfix.com//c/bathrooms-kitchens/grab-rails/cat820218,Bathrooms kitchens,Grab rails,/c/bathrooms-kitchens/grab-rails/cat820218
https://www.screwfix.com//c/bathrooms-kitchens/shower-seats/cat6720001,Bathrooms kitchens,Shower seats,/c/bathrooms-kitchens/shower-seats/cat6720001
https://www.screwfix.com//c/bathrooms-kitchens/doc-m-packs/cat12440001,Bathrooms kitchens,Doc m packs,/c/bathrooms-kitchens/doc-m-packs/cat12440001
https://www.screwfix.com//c/bathrooms-kitchens/back-rests/cat12440002,Bathrooms kitchens,Back rests,/c/bathrooms-kitchens/back-rests/cat12440002
https://www.screwfix.com//c/bathrooms-kitchens/kitchens/cat820358,Bathrooms kitchens,Kitchens,/c/bathrooms-kitchens/kitchens/cat820358
https://www.screwfix.com//c/bathrooms-kitchens/sinks/cat820366,Bathrooms kitchens,Sinks,/c/bathrooms-kitchens/sinks/cat820366
https://www.screwfix.com//c/bathrooms-kitchens/appliances/cat820362,Bathrooms kitchens,Appliances,/c/bathrooms-kitchens/appliances/cat820362
https://www.screwfix.com//c/bathrooms-kitchens/waste-disposal-units/cat4520004,Bathrooms kitchens,Waste disposal units,/c/bathrooms-kitchens/waste-disposal-units/cat4520004
https://www.screwfix.com//c/bathrooms-kitchens/splashbacks/cat820372,Bathrooms kitchens,Splashbacks,/c/bathrooms-kitchens/splashbacks/cat820372
https://www.screwfix.com//c/bathrooms-kitchens/kitchen-sink-waste-strainers/cat10290003,Bathrooms kitchens,Kitchen sink waste strainers,/c/bathrooms-kitchens/kitchen-sink-waste-strainers/cat10290003
https://www.screwfix.com//c/bathrooms-kitchens/kitchen-storage-bins/cat4990002,Bathrooms kitchens,Kitchen storage bins,/c/bathrooms-kitchens/kitchen-storage-bins/cat4990002
https://www.screwfix.com//c/bathrooms-kitchens/kitchen-accessories/cat820360,Bathrooms kitchens,Kitchen accessories,/c/bathrooms-kitchens/kitchen-accessories/cat820360
https://www.screwfix.com//c/electrical-lighting/kitchen-lighting/cat840840,Electrical lighting,Kitchen lighting,/c/electrical-lighting/kitchen-lighting/cat840840
https://www.screwfix.com//c/outdoor-gardening/garden-power-tools/cat840590,Outdoor gardening,Garden power tools,/c/outdoor-gardening/garden-power-tools/cat840590
https://www.screwfix.com//c/outdoor-gardening/lawn-mowers/cat840622,Outdoor gardening,Lawn mowers,/c/outdoor-gardening/lawn-mowers/cat840622
https://www.screwfix.com//c/outdoor-gardening/garden-maintenance/cat11660001,Outdoor gardening,Garden maintenance,/c/outdoor-gardening/garden-maintenance/cat11660001
https://www.screwfix.com//c/outdoor-gardening/grass-trimmers/cat840602,Outdoor gardening,Grass trimmers,/c/outdoor-gardening/grass-trimmers/cat840602
https://www.screwfix.com//c/outdoor-gardening/garden-multi-tools/cat9710003,Outdoor gardening,Garden multi tools,/c/outdoor-gardening/garden-multi-tools/cat9710003
https://www.screwfix.com//c/outdoor-gardening/chainsaws/cat840736,Outdoor gardening,Chainsaws,/c/outdoor-gardening/chainsaws/cat840736
https://www.screwfix.com//c/outdoor-gardening/hedge-trimmers/cat840612,Outdoor gardening,Hedge trimmers,/c/outdoor-gardening/hedge-trimmers/cat840612
https://www.screwfix.com//c/outdoor-gardening/garden-shredders/cat840618,Outdoor gardening,Garden shredders,/c/outdoor-gardening/garden-shredders/cat840618
https://www.screwfix.com//c/outdoor-gardening/blowers-garden-vacs/cat840596,Outdoor gardening,Blowers garden vacs,/c/outdoor-gardening/blowers-garden-vacs/cat840596
https://www.screwfix.com//c/outdoor-gardening/water-pumps/cat840680,Outdoor gardening,Water pumps,/c/outdoor-gardening/water-pumps/cat840680
https://www.screwfix.com//c/outdoor-gardening/garden-power-spares/cat1660004,Outdoor gardening,Garden power spares,/c/outdoor-gardening/garden-power-spares/cat1660004
https://www.screwfix.com//c/outdoor-gardening/log-splitters/cat840610,Outdoor gardening,Log splitters,/c/outdoor-gardening/log-splitters/cat840610
https://www.screwfix.com//c/outdoor-gardening/outdoor-projects/cat7260004,Outdoor gardening,Outdoor projects,/c/outdoor-gardening/outdoor-projects/cat7260004
https://www.screwfix.com//c/outdoor-gardening/fencing/cat840542,Outdoor gardening,Fencing,/c/outdoor-gardening/fencing/cat840542
https://www.screwfix.com//c/outdoor-gardening/lawn-edging/cat9710002,Outdoor gardening,Lawn edging,/c/outdoor-gardening/lawn-edging/cat9710002
https://www.screwfix.com//c/outdoor-gardening/garden-ponds/cat11780002,Outdoor gardening,Garden ponds,/c/outdoor-gardening/garden-ponds/cat11780002
https://www.screwfix.com//c/outdoor-gardening/garden-storage/cat5440008,Outdoor gardening,Garden storage,/c/outdoor-gardening/garden-storage/cat5440008
https://www.screwfix.com//c/outdoor-gardening/watering/cat12430001,Outdoor gardening,Watering,/c/outdoor-gardening/watering/cat12430001
https://www.screwfix.com//c/outdoor-gardening/garden-hoses/cat840692,Outdoor gardening,Garden hoses,/c/outdoor-gardening/garden-hoses/cat840692
https://www.screwfix.com//c/outdoor-gardening/garden-taps/cat831688,Outdoor gardening,Garden taps,/c/outdoor-gardening/garden-taps/cat831688
https://www.screwfix.com//c/outdoor-gardening/water-butts/cat1660006,Outdoor gardening,Water butts,/c/outdoor-gardening/water-butts/cat1660006
https://www.screwfix.com//c/outdoor-gardening/watering-cans/cat6830006,Outdoor gardening,Watering cans,/c/outdoor-gardening/watering-cans/cat6830006
https://www.screwfix.com//c/outdoor-gardening/garden-sprayers-accessories/cat11820001,Outdoor gardening,Garden sprayers accessories,/c/outdoor-gardening/garden-sprayers-accessories/cat11820001
https://www.screwfix.com//c/outdoor-gardening/maintenance-care/cat840688,Outdoor gardening,Maintenance care,/c/outdoor-gardening/maintenance-care/cat840688
https://www.screwfix.com//c/outdoor-gardening/weed-control/cat840530,Outdoor gardening,Weed control,/c/outdoor-gardening/weed-control/cat840530
https://www.screwfix.com//c/outdoor-gardening/lawn-care/cat3210002,Outdoor gardening,Lawn care,/c/outdoor-gardening/lawn-care/cat3210002
https://www.screwfix.com//c/outdoor-gardening/fertilisers-treatments/cat11780004,Outdoor gardening,Fertilisers treatments,/c/outdoor-gardening/fertilisers-treatments/cat11780004
https://www.screwfix.com//c/outdoor-gardening/garden-bags/cat9970017,Outdoor gardening,Garden bags,/c/outdoor-gardening/garden-bags/cat9970017
https://www.screwfix.com//c/outdoor-gardening/garden-spreaders/cat7490007,Outdoor gardening,Garden spreaders,/c/outdoor-gardening/garden-spreaders/cat7490007
https://www.screwfix.com//c/outdoor-gardening/garden-hand-tools/cat3410006,Outdoor gardening,Garden hand tools,/c/outdoor-gardening/garden-hand-tools/cat3410006
https://www.screwfix.com//c/outdoor-gardening/rakes-hoes/cat8420013,Outdoor gardening,Rakes hoes,/c/outdoor-gardening/rakes-hoes/cat8420013
https://www.screwfix.com//c/outdoor-gardening/shovels-spades/cat840568,Outdoor gardening,Shovels spades,/c/outdoor-gardening/shovels-spades/cat840568
https://www.screwfix.com//c/outdoor-gardening/edging-knives-mutts/cat2730028,Outdoor gardening,Edging knives mutts,/c/outdoor-gardening/edging-knives-mutts/cat2730028
https://www.screwfix.com//c/outdoor-gardening/garden-trowels/cat2630002,Outdoor gardening,Garden trowels,/c/outdoor-gardening/garden-trowels/cat2630002
https://www.screwfix.com//c/outdoor-gardening/tree-loppers/cat2730024,Outdoor gardening,Tree loppers,/c/outdoor-gardening/tree-loppers/cat2730024
https://www.screwfix.com//c/outdoor-gardening/secateurs/cat2730020,Outdoor gardening,Secateurs,/c/outdoor-gardening/secateurs/cat2730020
https://www.screwfix.com//c/outdoor-gardening/forks/cat9950001,Outdoor gardening,Forks,/c/outdoor-gardening/forks/cat9950001
https://www.screwfix.com//c/outdoor-gardening/mattocks-picks/cat840570,Outdoor gardening,Mattocks picks,/c/outdoor-gardening/mattocks-picks/cat840570
https://www.screwfix.com//c/outdoor-gardening/hedge-shears/cat2730022,Outdoor gardening,Hedge shears,/c/outdoor-gardening/hedge-shears/cat2730022
https://www.screwfix.com//c/outdoor-gardening/garden-trollies/cat7490005,Outdoor gardening,Garden trollies,/c/outdoor-gardening/garden-trollies/cat7490005
https://www.screwfix.com//c/tools/axes/cat9790002,Tools,Axes,/c/tools/axes/cat9790002
https://www.screwfix.com//c/outdoor-gardening/insulated-hand-tools/cat1790002,Outdoor gardening,Insulated hand tools,/c/outdoor-gardening/insulated-hand-tools/cat1790002
https://www.screwfix.com//c/screws-nails-fixings/screws/cat840008,Screws nails fixings,Screws,/c/screws-nails-fixings/screws/cat840008
https://www.screwfix.com//c/screws-nails-fixings/screws-trade-packs/cat10070001,Screws nails fixings,Screws trade packs,/c/screws-nails-fixings/screws-trade-packs/cat10070001
https://www.screwfix.com//c/screws-nails-fixings/woodscrews/cat840066,Screws nails fixings,Woodscrews,/c/screws-nails-fixings/woodscrews/cat840066
https://www.screwfix.com//c/screws-nails-fixings/decking-screws/cat840048,Screws nails fixings,Decking screws,/c/screws-nails-fixings/decking-screws/cat840048
https://www.screwfix.com//c/screws-nails-fixings/timber-screws/cat7020001,Screws nails fixings,Timber screws,/c/screws-nails-fixings/timber-screws/cat7020001
https://www.screwfix.com//c/screws-nails-fixings/drywall-screws/cat840050,Screws nails fixings,Drywall screws,/c/screws-nails-fixings/drywall-screws/cat840050
https://www.screwfix.com//c/screws-nails-fixings/stainless-steel-screws/cat7270018,Screws nails fixings,Stainless steel screws,/c/screws-nails-fixings/stainless-steel-screws/cat7270018
https://www.screwfix.com//c/screws-nails-fixings/roofing-screws/cat840056,Screws nails fixings,Roofing screws,/c/screws-nails-fixings/roofing-screws/cat840056
https://www.screwfix.com//c/screws-nails-fixings/self-tapping-drilling-screws/cat840058,Screws nails fixings,Self tapping drilling screws,/c/screws-nails-fixings/self-tapping-drilling-screws/cat840058
https://www.screwfix.com//c/screws-nails-fixings/masonry-screws/cat840054,Screws nails fixings,Masonry screws,/c/screws-nails-fixings/masonry-screws/cat840054
https://www.screwfix.com//c/screws-nails-fixings/electrical-screws/cat840224,Screws nails fixings,Electrical screws,/c/screws-nails-fixings/electrical-screws/cat840224
https://www.screwfix.com//c/screws-nails-fixings/security-screws/cat840238,Screws nails fixings,Security screws,/c/screws-nails-fixings/security-screws/cat840238
https://www.screwfix.com//c/screws-nails-fixings/hinge-screws/cat840060,Screws nails fixings,Hinge screws,/c/screws-nails-fixings/hinge-screws/cat840060
https://www.screwfix.com//c/screws-nails-fixings/screw-caps-cups/cat840046,Screws nails fixings,Screw caps cups,/c/screws-nails-fixings/screw-caps-cups/cat840046
https://www.screwfix.com//c/screws-nails-fixings/fixings-fasteners/cat840004,Screws nails fixings,Fixings fasteners,/c/screws-nails-fixings/fixings-fasteners/cat840004
https://www.screwfix.com//c/screws-nails-fixings/wall-plugs/cat840026,Screws nails fixings,Wall plugs,/c/screws-nails-fixings/wall-plugs/cat840026
https://www.screwfix.com//c/screws-nails-fixings/frame-hammer-fixings/cat840010,Screws nails fixings,Frame hammer fixings,/c/screws-nails-fixings/frame-hammer-fixings/cat840010
https://www.screwfix.com//c/screws-nails-fixings/heavy-duty-fixings/cat840012,Screws nails fixings,Heavy duty fixings,/c/screws-nails-fixings/heavy-duty-fixings/cat840012
https://www.screwfix.com//c/screws-nails-fixings/hooks-eyes/cat840014,Screws nails fixings,Hooks eyes,/c/screws-nails-fixings/hooks-eyes/cat840014
https://www.screwfix.com//c/screws-nails-fixings/packers-shims/cat840018,Screws nails fixings,Packers shims,/c/screws-nails-fixings/packers-shims/cat840018
https://www.screwfix.com//c/screws-nails-fixings/plasterboard-fixings/cat840020,Screws nails fixings,Plasterboard fixings,/c/screws-nails-fixings/plasterboard-fixings/cat840020
https://www.screwfix.com//c/screws-nails-fixings/resin-fixings/cat840022,Screws nails fixings,Resin fixings,/c/screws-nails-fixings/resin-fixings/cat840022
https://www.screwfix.com//c/screws-nails-fixings/cavity-fixings/cat4450012,Screws nails fixings,Cavity fixings,/c/screws-nails-fixings/cavity-fixings/cat4450012
https://www.screwfix.com//c/screws-nails-fixings/hose-tool-clips/cat840130,Screws nails fixings,Hose tool clips,/c/screws-nails-fixings/hose-tool-clips/cat840130
https://www.screwfix.com//c/screws-nails-fixings/furniture-fixings/cat840134,Screws nails fixings,Furniture fixings,/c/screws-nails-fixings/furniture-fixings/cat840134
https://www.screwfix.com//c/screws-nails-fixings/mirror-picture-fittings/cat840136,Screws nails fixings,Mirror picture fittings,/c/screws-nails-fixings/mirror-picture-fittings/cat840136
https://www.screwfix.com//c/screws-nails-fixings/sanitary-fixings-kits/cat840138,Screws nails fixings,Sanitary fixings kits,/c/screws-nails-fixings/sanitary-fixings-kits/cat840138
https://www.screwfix.com//c/screws-nails-fixings/nuts-bolts-washers/cat840016,Screws nails fixings,Nuts bolts washers,/c/screws-nails-fixings/nuts-bolts-washers/cat840016
https://www.screwfix.com//c/screws-nails-fixings/bolts/cat840086,Screws nails fixings,Bolts,/c/screws-nails-fixings/bolts/cat840086
https://www.screwfix.com//c/screws-nails-fixings/nuts/cat840096,Screws nails fixings,Nuts,/c/screws-nails-fixings/nuts/cat840096
https://www.screwfix.com//c/screws-nails-fixings/washers/cat840104,Screws nails fixings,Washers,/c/screws-nails-fixings/washers/cat840104
https://www.screwfix.com//c/screws-nails-fixings/multipacks/cat840094,Screws nails fixings,Multipacks,/c/screws-nails-fixings/multipacks/cat840094
https://www.screwfix.com//c/screws-nails-fixings/nails/cat840006,Screws nails fixings,Nails,/c/screws-nails-fixings/nails/cat840006
https://www.screwfix.com//c/screws-nails-fixings/bright-nails/cat840028,Screws nails fixings,Bright nails,/c/screws-nails-fixings/bright-nails/cat840028
https://www.screwfix.com//c/screws-nails-fixings/galvanised-nails/cat840030,Screws nails fixings,Galvanised nails,/c/screws-nails-fixings/galvanised-nails/cat840030
https://www.screwfix.com//c/screws-nails-fixings/masonry-nails/cat840032,Screws nails fixings,Masonry nails,/c/screws-nails-fixings/masonry-nails/cat840032
https://www.screwfix.com//c/screws-nails-fixings/collated-nails/cat840034,Screws nails fixings,Collated nails,/c/screws-nails-fixings/collated-nails/cat840034
https://www.screwfix.com//c/screws-nails-fixings/panel-pins/cat840036,Screws nails fixings,Panel pins,/c/screws-nails-fixings/panel-pins/cat840036
https://www.screwfix.com//c/screws-nails-fixings/roofing-nails/cat840038,Screws nails fixings,Roofing nails,/c/screws-nails-fixings/roofing-nails/cat840038
https://www.screwfix.com//c/screws-nails-fixings/upvc-nails/cat840042,Screws nails fixings,Upvc nails,/c/screws-nails-fixings/upvc-nails/cat840042
https://www.screwfix.com//c/screws-nails-fixings/staples-tacks/cat840154,Screws nails fixings,Staples tacks,/c/screws-nails-fixings/staples-tacks/cat840154
https://www.screwfix.com//c/electrical-lighting/cctv-systems/cat4530012,Electrical lighting,Cctv systems,/c/electrical-lighting/cctv-systems/cat4530012
https://www.screwfix.com//c/electrical-lighting/cctv-cameras/cat810280,Electrical lighting,Cctv cameras,/c/electrical-lighting/cctv-cameras/cat810280
https://www.screwfix.com//c/electrical-lighting/ip-cameras/cat6530011,Electrical lighting,Ip cameras,/c/electrical-lighting/ip-cameras/cat6530011
https://www.screwfix.com//c/electrical-lighting/cctv-accessories/cat810278,Electrical lighting,Cctv accessories,/c/electrical-lighting/cctv-accessories/cat810278
https://www.screwfix.com//c/electrical-lighting/burglar-alarms/cat810260,Electrical lighting,Burglar alarms,/c/electrical-lighting/burglar-alarms/cat810260
https://www.screwfix.com//c/electrical-lighting/pir-sensors/cat7300073,Electrical lighting,Pir sensors,/c/electrical-lighting/pir-sensors/cat7300073
https://www.screwfix.com//c/electrical-lighting/burglar-alarm-accessories/cat10650013,Electrical lighting,Burglar alarm accessories,/c/electrical-lighting/burglar-alarm-accessories/cat10650013
https://www.screwfix.com//c/electrical-lighting/home-alarm-systems/cat10840001,Electrical lighting,Home alarm systems,/c/electrical-lighting/home-alarm-systems/cat10840001
https://www.screwfix.com//c/security-ironmongery/security/cat810218,Security ironmongery,Security,/c/security-ironmongery/security/cat810218
https://www.screwfix.com//c/security-ironmongery/door-locks-bolts/cat810226,Security ironmongery,Door locks bolts,/c/security-ironmongery/door-locks-bolts/cat810226
https://www.screwfix.com//c/security-ironmongery/padlocks/cat810236,Security ironmongery,Padlocks,/c/security-ironmongery/padlocks/cat810236
https://www.screwfix.com//c/security-ironmongery/key-safes-cabinets/cat810230,Security ironmongery,Key safes cabinets,/c/security-ironmongery/key-safes-cabinets/cat810230
https://www.screwfix.com//c/security-ironmongery/safes/cat810242,Security ironmongery,Safes,/c/security-ironmongery/safes/cat810242
https://www.screwfix.com//c/security-ironmongery/post-boxes/cat810240,Security ironmongery,Post boxes,/c/security-ironmongery/post-boxes/cat810240
https://www.screwfix.com//c/electrical-lighting/security-lights/cat4910002,Electrical lighting,Security lights,/c/electrical-lighting/security-lights/cat4910002
https://www.screwfix.com//c/security-ironmongery/vehicle-outdoor-security/cat810246,Security ironmongery,Vehicle outdoor security,/c/security-ironmongery/vehicle-outdoor-security/cat810246
https://www.screwfix.com//c/security-ironmongery/garage-security/cat810228,Security ironmongery,Garage security,/c/security-ironmongery/garage-security/cat810228
https://www.screwfix.com//c/security-ironmongery/commercial-security/cat4570008,Security ironmongery,Commercial security,/c/security-ironmongery/commercial-security/cat4570008
https://www.screwfix.com//c/security-ironmongery/smart-security/cat8880001,Security ironmongery,Smart security,/c/security-ironmongery/smart-security/cat8880001
https://www.screwfix.com//c/security-ironmongery/window-locks/cat810408,Security ironmongery,Window locks,/c/security-ironmongery/window-locks/cat810408
https://www.screwfix.com//c/electrical-lighting/camera-doorbells/cat12210001,Electrical lighting,Camera doorbells,/c/electrical-lighting/camera-doorbells/cat12210001
https://www.screwfix.com//c/security-ironmongery/hinges/cat840250,Security ironmongery,Hinges,/c/security-ironmongery/hinges/cat840250
https://www.screwfix.com//c/security-ironmongery/door-hinges/cat840980,Security ironmongery,Door hinges,/c/security-ironmongery/door-hinges/cat840980
https://www.screwfix.com//c/security-ironmongery/fire-door-hinges/cat840988,Security ironmongery,Fire door hinges,/c/security-ironmongery/fire-door-hinges/cat840988
https://www.screwfix.com//c/security-ironmongery/tee-hinges/cat841000,Security ironmongery,Tee hinges,/c/security-ironmongery/tee-hinges/cat841000
https://www.screwfix.com//c/security-ironmongery/cabinet-hinges/cat840984,Security ironmongery,Cabinet hinges,/c/security-ironmongery/cabinet-hinges/cat840984
https://www.screwfix.com//c/security-ironmongery/specialist-hinges/cat840996,Security ironmongery,Specialist hinges,/c/security-ironmongery/specialist-hinges/cat840996
https://www.screwfix.com//c/security-ironmongery/window-hinges/cat841002,Security ironmongery,Window hinges,/c/security-ironmongery/window-hinges/cat841002
https://www.screwfix.com//c/security-ironmongery/finger-protectors/cat840334,Security ironmongery,Finger protectors,/c/security-ironmongery/finger-protectors/cat840334
https://www.screwfix.com//c/security-ironmongery/gate-hinges/cat840972,Security ironmongery,Gate hinges,/c/security-ironmongery/gate-hinges/cat840972
https://www.screwfix.com//c/security-ironmongery/door-furniture/cat6760001,Security ironmongery,Door furniture,/c/security-ironmongery/door-furniture/cat6760001
https://www.screwfix.com//c/security-ironmongery/door-handles/cat6760002,Security ironmongery,Door handles,/c/security-ironmongery/door-handles/cat6760002
https://www.screwfix.com//c/security-ironmongery/door-accessories/cat840388,Security ironmongery,Door accessories,/c/security-ironmongery/door-accessories/cat840388
https://www.screwfix.com//c/security-ironmongery/front-door-furniture/cat840240,Security ironmongery,Front door furniture,/c/security-ironmongery/front-door-furniture/cat840240
https://www.screwfix.com//c/security-ironmongery/door-closers/cat840234,Security ironmongery,Door closers,/c/security-ironmongery/door-closers/cat840234
https://www.screwfix.com//c/security-ironmongery/door-knobs/cat6760003,Security ironmongery,Door knobs,/c/security-ironmongery/door-knobs/cat6760003
https://www.screwfix.com//c/security-ironmongery/panic-hardware/cat840328,Security ironmongery,Panic hardware,/c/security-ironmongery/panic-hardware/cat840328
https://www.screwfix.com//c/security-ironmongery/cabinet-hardware/cat840222,Security ironmongery,Cabinet hardware,/c/security-ironmongery/cabinet-hardware/cat840222
https://www.screwfix.com//c/security-ironmongery/door-stops/cat840320,Security ironmongery,Door stops,/c/security-ironmongery/door-stops/cat840320
https://www.screwfix.com//c/security-ironmongery/push-to-exit-buttons/cat14370001,Security ironmongery,Push to exit buttons,/c/security-ironmongery/push-to-exit-buttons/cat14370001
https://www.screwfix.com//c/security-ironmongery/ironmongery/cat840214,Security ironmongery,Ironmongery,/c/security-ironmongery/ironmongery/cat840214
https://www.screwfix.com//c/security-ironmongery/outdoor-hardware/cat840246,Security ironmongery,Outdoor hardware,/c/security-ironmongery/outdoor-hardware/cat840246
https://www.screwfix.com//c/security-ironmongery/brackets/cat840218,Security ironmongery,Brackets,/c/security-ironmongery/brackets/cat840218
https://www.screwfix.com//c/security-ironmongery/hooks/cat4460002,Security ironmongery,Hooks,/c/security-ironmongery/hooks/cat4460002
https://www.screwfix.com//c/security-ironmongery/door-window-seals/cat840242,Security ironmongery,Door window seals,/c/security-ironmongery/door-window-seals/cat840242
https://www.screwfix.com//c/security-ironmongery/window-furniture/cat840258,Security ironmongery,Window furniture,/c/security-ironmongery/window-furniture/cat840258
https://www.screwfix.com//c/security-ironmongery/wardrobe-fittings/cat840252,Security ironmongery,Wardrobe fittings,/c/security-ironmongery/wardrobe-fittings/cat840252
https://www.screwfix.com//c/security-ironmongery/wheels-castors/cat840226,Security ironmongery,Wheels castors,/c/security-ironmongery/wheels-castors/cat840226
https://www.screwfix.com//c/security-ironmongery/rope-chain/cat840228,Security ironmongery,Rope chain,/c/security-ironmongery/rope-chain/cat840228
https://www.screwfix.com//c/security-ironmongery/protective-wall-plates/cat10120001,Security ironmongery,Protective wall plates,/c/security-ironmongery/protective-wall-plates/cat10120001
https://www.screwfix.com//c/building-doors/windows-window-fittings/cat11180002,Building doors,Windows window fittings,/c/building-doors/windows-window-fittings/cat11180002
https://www.screwfix.com//c/building-doors/roof-windows/cat850314,Building doors,Roof windows,/c/building-doors/roof-windows/cat850314
https://www.screwfix.com//c/building-doors/window-coverings/cat1230014,Building doors,Window coverings,/c/building-doors/window-coverings/cat1230014
https://www.screwfix.com//c/building-doors/roof-window-flashing/cat3830060,Building doors,Roof window flashing,/c/building-doors/roof-window-flashing/cat3830060
https://www.screwfix.com//c/building-doors/stair-hand-rail-kits/cat3830048,Building doors,Stair hand rail kits,/c/building-doors/stair-hand-rail-kits/cat3830048
https://www.screwfix.com//c/building-doors/packaging/cat11180004,Building doors,Packaging,/c/building-doors/packaging/cat11180004
https://www.screwfix.com//c/building-doors/building-supplies/cat3830020,Building doors,Building supplies,/c/building-doors/building-supplies/cat3830020
https://www.screwfix.com//c/building-doors/aggregates-chemicals/cat850190,Building doors,Aggregates chemicals,/c/building-doors/aggregates-chemicals/cat850190
https://www.screwfix.com//c/building-doors/roofing/cat3830016,Building doors,Roofing,/c/building-doors/roofing/cat3830016
https://www.screwfix.com//c/building-doors/builders-metalwork/cat850192,Building doors,Builders metalwork,/c/building-doors/builders-metalwork/cat850192
https://www.screwfix.com//c/building-doors/damp-proofing/cat850206,Building doors,Damp proofing,/c/building-doors/damp-proofing/cat850206
https://www.screwfix.com//c/building-doors/plastering/cat850216,Building doors,Plastering,/c/building-doors/plastering/cat850216
https://www.screwfix.com//c/building-doors/loft-insulation/cat850298,Building doors,Loft insulation,/c/building-doors/loft-insulation/cat850298
https://www.screwfix.com//c/building-doors/cement-mixers/cat850204,Building doors,Cement mixers,/c/building-doors/cement-mixers/cat850204
https://www.screwfix.com//c/building-doors/wheelbarrows/cat3850012,Building doors,Wheelbarrows,/c/building-doors/wheelbarrows/cat3850012
https://www.screwfix.com//c/tools/concrete-breakers/cat830792,Tools,Concrete breakers,/c/tools/concrete-breakers/cat830792
https://www.screwfix.com//c/building-doors/wall-chasers/cat830800,Building doors,Wall chasers,/c/building-doors/wall-chasers/cat830800
https://www.screwfix.com//c/tools/disc-cutters/cat830798,Tools,Disc cutters,/c/tools/disc-cutters/cat830798
https://www.screwfix.com//c/building-doors/flooring/cat850002,Building doors,Flooring,/c/building-doors/flooring/cat850002
https://www.screwfix.com//c/building-doors/underlay/cat850024,Building doors,Underlay,/c/building-doors/underlay/cat850024
https://www.screwfix.com//c/building-doors/flooring-sealants-adhesives/cat850008,Building doors,Flooring sealants adhesives,/c/building-doors/flooring-sealants-adhesives/cat850008
https://www.screwfix.com//c/building-doors/carpet-tiles/cat850010,Building doors,Carpet tiles,/c/building-doors/carpet-tiles/cat850010
https://www.screwfix.com//c/tools/flooring-tools/cat831278,Tools,Flooring tools,/c/tools/flooring-tools/cat831278
https://www.screwfix.com//c/security-ironmongery/thresholds/cat840962,Security ironmongery,Thresholds,/c/security-ironmongery/thresholds/cat840962
https://www.screwfix.com//c/decorating/floor-paints/cat850170,Decorating,Floor paints,/c/decorating/floor-paints/cat850170
https://www.screwfix.com//c/screws-nails-fixings/flooring-screws/cat840052,Screws nails fixings,Flooring screws,/c/screws-nails-fixings/flooring-screws/cat840052
https://www.screwfix.com//c/safety-workwear/safety-footwear/cat850368,Safety workwear,Safety footwear,/c/safety-workwear/safety-footwear/cat850368
https://www.screwfix.com//c/safety-workwear/safety-boots/cat850524,Safety workwear,Safety boots,/c/safety-workwear/safety-boots/cat850524
https://www.screwfix.com//c/safety-workwear/safety-trainer-boots/cat4690016,Safety workwear,Safety trainer boots,/c/safety-workwear/safety-trainer-boots/cat4690016
https://www.screwfix.com//c/safety-workwear/safety-trainers/cat850528,Safety workwear,Safety trainers,/c/safety-workwear/safety-trainers/cat850528
https://www.screwfix.com//c/safety-workwear/dealer-boots/cat5540028,Safety workwear,Dealer boots,/c/safety-workwear/dealer-boots/cat5540028
https://www.screwfix.com//c/safety-workwear/waterproof-footwear/cat6160028,Safety workwear,Waterproof footwear,/c/safety-workwear/waterproof-footwear/cat6160028
https://www.screwfix.com//c/safety-workwear/safety-shoes/cat850526,Safety workwear,Safety shoes,/c/safety-workwear/safety-shoes/cat850526
https://www.screwfix.com//c/safety-workwear/rigger-boots/cat850522,Safety workwear,Rigger boots,/c/safety-workwear/rigger-boots/cat850522
https://www.screwfix.com//c/safety-workwear/chainsaw-boots/cat8520026,Safety workwear,Chainsaw boots,/c/safety-workwear/chainsaw-boots/cat8520026
https://www.screwfix.com//c/safety-workwear/wellies/cat11900001,Safety workwear,Wellies,/c/safety-workwear/wellies/cat11900001
https://www.screwfix.com//c/safety-workwear/socks-overshoes/cat6990007,Safety workwear,Socks overshoes,/c/safety-workwear/socks-overshoes/cat6990007
https://www.screwfix.com//c/safety-workwear/workwear/cat850328,Safety workwear,Workwear,/c/safety-workwear/workwear/cat850328
https://www.screwfix.com//c/safety-workwear/work-trousers/cat850376,Safety workwear,Work trousers,/c/safety-workwear/work-trousers/cat850376
https://www.screwfix.com//c/safety-workwear/work-jackets/cat850542,Safety workwear,Work jackets,/c/safety-workwear/work-jackets/cat850542
https://www.screwfix.com//c/safety-workwear/hoodies-sweatshirts/cat850548,Safety workwear,Hoodies sweatshirts,/c/safety-workwear/hoodies-sweatshirts/cat850548
https://www.screwfix.com//c/safety-workwear/body-warmers/cat850514,Safety workwear,Body warmers,/c/safety-workwear/body-warmers/cat850514
https://www.screwfix.com//c/safety-workwear/work-fleeces/cat850512,Safety workwear,Work fleeces,/c/safety-workwear/work-fleeces/cat850512
https://www.screwfix.com//c/safety-workwear/hi-vis/cat850370,Safety workwear,Hi vis,/c/safety-workwear/hi-vis/cat850370
https://www.screwfix.com//c/safety-workwear/polo-shirts-t-shirts/cat850374,Safety workwear,Polo shirts t shirts,/c/safety-workwear/polo-shirts-t-shirts/cat850374
https://www.screwfix.com//c/safety-workwear/overalls/cat850366,Safety workwear,Overalls,/c/safety-workwear/overalls/cat850366
https://www.screwfix.com//c/safety-workwear/work-shorts/cat6920001,Safety workwear,Work shorts,/c/safety-workwear/work-shorts/cat6920001
https://www.screwfix.com//c/safety-workwear/waterproof-workwear/cat850378,Safety workwear,Waterproof workwear,/c/safety-workwear/waterproof-workwear/cat850378
https://www.screwfix.com//c/safety-workwear/work-gloves/cat850338,Safety workwear,Work gloves,/c/safety-workwear/work-gloves/cat850338
https://www.screwfix.com//c/safety-workwear/safety/cat850324,Safety workwear,Safety,/c/safety-workwear/safety/cat850324
https://www.screwfix.com//c/safety-workwear/safety-signs/cat850358,Safety workwear,Safety signs,/c/safety-workwear/safety-signs/cat850358
https://www.screwfix.com//c/safety-workwear/co-heat-fire-alarms/cat5280012,Safety workwear,Co heat fire alarms,/c/safety-workwear/co-heat-fire-alarms/cat5280012
https://www.screwfix.com//c/safety-workwear/fire-safety/cat850352,Safety workwear,Fire safety,/c/safety-workwear/fire-safety/cat850352
https://www.screwfix.com//c/safety-workwear/traffic-control/cat850362,Safety workwear,Traffic control,/c/safety-workwear/traffic-control/cat850362
https://www.screwfix.com//c/safety-workwear/floor-safety/cat850012,Safety workwear,Floor safety,/c/safety-workwear/floor-safety/cat850012
https://www.screwfix.com//c/safety-workwear/first-aid/cat850354,Safety workwear,First aid,/c/safety-workwear/first-aid/cat850354
https://www.screwfix.com//c/safety-workwear/spill-kits-spillage-control/cat850360,Safety workwear,Spill kits spillage control,/c/safety-workwear/spill-kits-spillage-control/cat850360
https://www.screwfix.com//c/safety-workwear/ppe/cat7300082,Safety workwear,Ppe,/c/safety-workwear/ppe/cat7300082
https://www.screwfix.com//c/safety-workwear/face-masks-dust-masks/cat850348,Safety workwear,Face masks dust masks,/c/safety-workwear/face-masks-dust-masks/cat850348
https://www.screwfix.com//c/safety-workwear/eye-protection/cat850334,Safety workwear,Eye protection,/c/safety-workwear/eye-protection/cat850334
https://www.screwfix.com//c/safety-workwear/hard-hats-face-shields/cat850340,Safety workwear,Hard hats face shields,/c/safety-workwear/hard-hats-face-shields/cat850340
https://www.screwfix.com//c/safety-workwear/ear-protection/cat850332,Safety workwear,Ear protection,/c/safety-workwear/ear-protection/cat850332
https://www.screwfix.com//c/safety-workwear/height-safety/cat850350,Safety workwear,Height safety,/c/safety-workwear/height-safety/cat850350
https://www.screwfix.com//c/safety-workwear/disposable-overalls/cat5390004,Safety workwear,Disposable overalls,/c/safety-workwear/disposable-overalls/cat5390004
https://www.screwfix.com//c/safety-workwear/knee-pads-inserts/cat850344,Safety workwear,Knee pads inserts,/c/safety-workwear/knee-pads-inserts/cat850344
https://www.screwfix.com//c/safety-workwear/injury-joint-support/cat850342,Safety workwear,Injury joint support,/c/safety-workwear/injury-joint-support/cat850342
https://www.screwfix.com//c/safety-workwear/chainsaw-clothing/cat850330,Safety workwear,Chainsaw clothing,/c/safety-workwear/chainsaw-clothing/cat850330
https://www.screwfix.com//c/sealants-adhesives/sealants/cat850032,Sealants adhesives,Sealants,/c/sealants-adhesives/sealants/cat850032
https://www.screwfix.com//c/sealants-adhesives/hybrid-sealants-adhesives/cat12310001,Sealants adhesives,Hybrid sealants adhesives,/c/sealants-adhesives/hybrid-sealants-adhesives/cat12310001
https://www.screwfix.com//c/sealants-adhesives/tile-adhesive-grout/cat850086,Sealants adhesives,Tile adhesive grout,/c/sealants-adhesives/tile-adhesive-grout/cat850086
https://www.screwfix.com//c/sealants-adhesives/tile-adhesives/cat2650062,Sealants adhesives,Tile adhesives,/c/sealants-adhesives/tile-adhesives/cat2650062
https://www.screwfix.com//c/sealants-adhesives/grout/cat850090,Sealants adhesives,Grout,/c/sealants-adhesives/grout/cat850090
https://www.screwfix.com//c/sealants-adhesives/tile-trims/cat9550003,Sealants adhesives,Tile trims,/c/sealants-adhesives/tile-trims/cat9550003
https://www.screwfix.com//c/sealants-adhesives/grout-pens/cat850088,Sealants adhesives,Grout pens,/c/sealants-adhesives/grout-pens/cat850088
https://www.screwfix.com//c/sealants-adhesives/tile-sealers/cat12120001,Sealants adhesives,Tile sealers,/c/sealants-adhesives/tile-sealers/cat12120001
https://www.screwfix.com//c/sealants-adhesives/adhesives/cat850034,Sealants adhesives,Adhesives,/c/sealants-adhesives/adhesives/cat850034
https://www.screwfix.com//c/sealants-adhesives/grab-adhesives/cat850076,Sealants adhesives,Grab adhesives,/c/sealants-adhesives/grab-adhesives/cat850076
https://www.screwfix.com//c/sealants-adhesives/contact-adhesives/cat850082,Sealants adhesives,Contact adhesives,/c/sealants-adhesives/contact-adhesives/cat850082
https://www.screwfix.com//c/sealants-adhesives/wood-glues/cat850080,Sealants adhesives,Wood glues,/c/sealants-adhesives/wood-glues/cat850080
https://www.screwfix.com//c/building-doors/flooring-adhesives/cat850084,Building doors,Flooring adhesives,/c/building-doors/flooring-adhesives/cat850084
https://www.screwfix.com//c/sealants-adhesives/wallpaper-paste/cat850078,Sealants adhesives,Wallpaper paste,/c/sealants-adhesives/wallpaper-paste/cat850078
https://www.screwfix.com//c/sealants-adhesives/tapes/cat850046,Sealants adhesives,Tapes,/c/sealants-adhesives/tapes/cat850046
https://www.screwfix.com//c/sealants-adhesives/duct-tape/cat850126,Sealants adhesives,Duct tape,/c/sealants-adhesives/duct-tape/cat850126
https://www.screwfix.com//c/sealants-adhesives/masking-tape/cat850124,Sealants adhesives,Masking tape,/c/sealants-adhesives/masking-tape/cat850124
https://www.screwfix.com//c/sealants-adhesives/safety-hazard-tapes/cat850128,Sealants adhesives,Safety hazard tapes,/c/sealants-adhesives/safety-hazard-tapes/cat850128
https://www.screwfix.com//c/sealants-adhesives/double-sided-tape/cat850116,Sealants adhesives,Double sided tape,/c/sealants-adhesives/double-sided-tape/cat850116
https://www.screwfix.com//c/sealants-adhesives/packing-tape/cat850114,Sealants adhesives,Packing tape,/c/sealants-adhesives/packing-tape/cat850114
https://www.screwfix.com//c/sealants-adhesives/decorators-caulk/cat850098,Sealants adhesives,Decorators caulk,/c/sealants-adhesives/decorators-caulk/cat850098
https://www.screwfix.com//c/sealants-adhesives/expanding-foams/cat850108,Sealants adhesives,Expanding foams,/c/sealants-adhesives/expanding-foams/cat850108
https://www.screwfix.com//c/sealants-adhesives/putty/cat850100,Sealants adhesives,Putty,/c/sealants-adhesives/putty/cat850100
https://www.screwfix.com//c/sealants-adhesives/multi-purpose-fillers/cat850102,Sealants adhesives,Multi purpose fillers,/c/sealants-adhesives/multi-purpose-fillers/cat850102
https://www.screwfix.com//c/sealants-adhesives/wood-fillers/cat850104,Sealants adhesives,Wood fillers,/c/sealants-adhesives/wood-fillers/cat850104
https://www.screwfix.com//c/building-doors/self-levelling-compound/cat9390001,Building doors,Self levelling compound,/c/building-doors/self-levelling-compound/cat9390001
https://www.screwfix.com//c/building-doors/water-seal/cat12050002,Building doors,Water seal,/c/building-doors/water-seal/cat12050002
https://www.screwfix.com//c/building-doors/additives-plasticisers/cat850194,Building doors,Additives plasticisers,/c/building-doors/additives-plasticisers/cat850194
https://www.screwfix.com//c/building-doors/pva-sealers/cat850040,Building doors,Pva sealers,/c/building-doors/pva-sealers/cat850040
https://www.screwfix.com//c/building-doors/jointing-compound/cat12050003,Building doors,Jointing compound,/c/building-doors/jointing-compound/cat12050003
https://www.screwfix.com//c/building-doors/cement-mix/cat10300001,Building doors,Cement mix,/c/building-doors/cement-mix/cat10300001
https://www.screwfix.com//c/building-doors/waterproof-sealants/cat850198,Building doors,Waterproof sealants,/c/building-doors/waterproof-sealants/cat850198
https://www.screwfix.com//c/building-doors/ready-mixed-plaster/cat12790001,Building doors,Ready mixed plaster,/c/building-doors/ready-mixed-plaster/cat12790001
https://www.screwfix.com//c/building-doors/pothole-filler/cat11100004,Building doors,Pothole filler,/c/building-doors/pothole-filler/cat11100004
https://www.screwfix.com//c/storage-ladders/ladders/cat831430,Storage ladders,Ladders,/c/storage-ladders/ladders/cat831430
https://www.screwfix.com//c/storage-ladders/fibreglass-ladders/cat12400001,Storage ladders,Fibreglass ladders,/c/storage-ladders/fibreglass-ladders/cat12400001
https://www.screwfix.com//c/storage-ladders/loft-ladders/cat831470,Storage ladders,Loft ladders,/c/storage-ladders/loft-ladders/cat831470
https://www.screwfix.com//c/storage-ladders/step-ladders/cat831476,Storage ladders,Step ladders,/c/storage-ladders/step-ladders/cat831476
https://www.screwfix.com//c/storage-ladders/telescopic-ladders/cat5180008,Storage ladders,Telescopic ladders,/c/storage-ladders/telescopic-ladders/cat5180008
https://www.screwfix.com//c/storage-ladders/ladder-accessories/cat831466,Storage ladders,Ladder accessories,/c/storage-ladders/ladder-accessories/cat831466
https://www.screwfix.com//c/storage-ladders/shelving/cat831456,Storage ladders,Shelving,/c/storage-ladders/shelving/cat831456
https://www.screwfix.com//c/storage-ladders/garage-shelving/cat7270003,Storage ladders,Garage shelving,/c/storage-ladders/garage-shelving/cat7270003
https://www.screwfix.com//c/security-ironmongery/shelf-brackets/cat880018,Security ironmongery,Shelf brackets,/c/security-ironmongery/shelf-brackets/cat880018
https://www.screwfix.com//c/storage-ladders/storage/cat5870050,Storage ladders,Storage,/c/storage-ladders/storage/cat5870050
https://www.screwfix.com//c/storage-ladders/storage-boxes/cat831548,Storage ladders,Storage boxes,/c/storage-ladders/storage-boxes/cat831548
https://www.screwfix.com//c/storage-ladders/manual-handling/cat831436,Storage ladders,Manual handling,/c/storage-ladders/manual-handling/cat831436
https://www.screwfix.com//c/storage-ladders/sack-trucks/cat831506,Storage ladders,Sack trucks,/c/storage-ladders/sack-trucks/cat831506
https://www.screwfix.com//c/storage-ladders/dollies-trolleys/cat831502,Storage ladders,Dollies trolleys,/c/storage-ladders/dollies-trolleys/cat831502
https://www.screwfix.com//c/auto-cleaning/mechanics-tools/cat810002,Auto cleaning,Mechanics tools,/c/auto-cleaning/mechanics-tools/cat810002
https://www.screwfix.com//c/auto-cleaning/car-battery-care/cat7600003,Auto cleaning,Car battery care,/c/auto-cleaning/car-battery-care/cat7600003
https://www.screwfix.com//c/auto-cleaning/oils-fluids-lubricants/cat810054,Auto cleaning,Oils fluids lubricants,/c/auto-cleaning/oils-fluids-lubricants/cat810054
https://www.screwfix.com//c/auto-cleaning/tyre-inflators/cat810102,Auto cleaning,Tyre inflators,/c/auto-cleaning/tyre-inflators/cat810102
https://www.screwfix.com//c/auto-cleaning/torque-wrenches/cat810104,Auto cleaning,Torque wrenches,/c/auto-cleaning/torque-wrenches/cat810104
https://www.screwfix.com//c/auto-cleaning/bodywork-tools/cat810040,Auto cleaning,Bodywork tools,/c/auto-cleaning/bodywork-tools/cat810040
https://www.screwfix.com//c/auto-cleaning/brake-tools/cat810090,Auto cleaning,Brake tools,/c/auto-cleaning/brake-tools/cat810090
https://www.screwfix.com//c/auto-cleaning/components/cat7270008,Auto cleaning,Components,/c/auto-cleaning/components/cat7270008
https://www.screwfix.com//c/auto-cleaning/compression-tools/cat810092,Auto cleaning,Compression tools,/c/auto-cleaning/compression-tools/cat810092
https://www.screwfix.com//c/auto-cleaning/gear-bearing-tools/cat810094,Auto cleaning,Gear bearing tools,/c/auto-cleaning/gear-bearing-tools/cat810094
https://www.screwfix.com//c/auto-cleaning/headlamps-bulbs/cat6750004,Auto cleaning,Headlamps bulbs,/c/auto-cleaning/headlamps-bulbs/cat6750004
https://www.screwfix.com//c/auto-cleaning/ignition-tools/cat810096,Auto cleaning,Ignition tools,/c/auto-cleaning/ignition-tools/cat810096
https://www.screwfix.com//c/auto-cleaning/garage-equipment/cat7270010,Auto cleaning,Garage equipment,/c/auto-cleaning/garage-equipment/cat7270010
https://www.screwfix.com//c/auto-cleaning/workshop-equipment/cat7270005,Auto cleaning,Workshop equipment,/c/auto-cleaning/workshop-equipment/cat7270005
https://www.screwfix.com//c/auto-cleaning/jacks-stands-ramps/cat810078,Auto cleaning,Jacks stands ramps,/c/auto-cleaning/jacks-stands-ramps/cat810078
https://www.screwfix.com//c/auto-cleaning/fuel-pumps-cans/cat810062,Auto cleaning,Fuel pumps cans,/c/auto-cleaning/fuel-pumps-cans/cat810062
https://www.screwfix.com//c/safety-workwear/boiler-suits-coveralls/cat850518,Safety workwear,Boiler suits coveralls,/c/safety-workwear/boiler-suits-coveralls/cat850518
https://www.screwfix.com//c/auto-cleaning/hand-cleansers/cat7820006,Auto cleaning,Hand cleansers,/c/auto-cleaning/hand-cleansers/cat7820006
https://www.screwfix.com//c/auto-cleaning/car-cleaning/cat810042,Auto cleaning,Car cleaning,/c/auto-cleaning/car-cleaning/cat810042
https://www.screwfix.com//c/auto-cleaning/pressure-washers/cat810150,Auto cleaning,Pressure washers,/c/auto-cleaning/pressure-washers/cat810150
https://www.screwfix.com//c/auto-cleaning/car-accessories/cat7270011,Auto cleaning,Car accessories,/c/auto-cleaning/car-accessories/cat7270011
https://www.screwfix.com//c/auto-cleaning/van-roof-systems/cat10570001,Auto cleaning,Van roof systems,/c/auto-cleaning/van-roof-systems/cat10570001
https://www.screwfix.com//c/auto-cleaning/ratchet-straps-lashing/cat810012,Auto cleaning,Ratchet straps lashing,/c/auto-cleaning/ratchet-straps-lashing/cat810012
https://www.screwfix.com//c/auto-cleaning/bungee-cords/cat6820011,Auto cleaning,Bungee cords,/c/auto-cleaning/bungee-cords/cat6820011
https://www.screwfix.com//c/auto-cleaning/storage-bins/cat831546,Auto cleaning,Storage bins,/c/auto-cleaning/storage-bins/cat831546
https://www.screwfix.com//c/security-ironmongery/vehicle-security/cat810398,Security ironmongery,Vehicle security,/c/security-ironmongery/vehicle-security/cat810398
https://www.screwfix.com//c/auto-cleaning/power-inverters/cat2900020,Auto cleaning,Power inverters,/c/auto-cleaning/power-inverters/cat2900020
https://www.screwfix.com//c/auto-cleaning/car-seat-covers/cat7810009,Auto cleaning,Car seat covers,/c/auto-cleaning/car-seat-covers/cat7810009
https://www.screwfix.com//c/auto-cleaning/car-covers/cat7810008,Auto cleaning,Car covers,/c/auto-cleaning/car-covers/cat7810008
https://www.screwfix.com//c/auto-cleaning/breakdown-travel/cat6990016,Auto cleaning,Breakdown travel,/c/auto-cleaning/breakdown-travel/cat6990016
https://www.screwfix.com//c/auto-cleaning/tow-bars-ropes/cat7820010,Auto cleaning,Tow bars ropes,/c/auto-cleaning/tow-bars-ropes/cat7820010
https://www.screwfix.com//c/auto-cleaning/cleaning-power/cat6990014,Auto cleaning,Cleaning power,/c/auto-cleaning/cleaning-power/cat6990014
https://www.screwfix.com//c/auto-cleaning/pressure-washer-accessories/cat810192,Auto cleaning,Pressure washer accessories,/c/auto-cleaning/pressure-washer-accessories/cat810192
https://www.screwfix.com//c/auto-cleaning/vacuum-cleaners/cat810152,Auto cleaning,Vacuum cleaners,/c/auto-cleaning/vacuum-cleaners/cat810152
https://www.screwfix.com//c/auto-cleaning/window-vacuums/cat6990022,Auto cleaning,Window vacuums,/c/auto-cleaning/window-vacuums/cat6990022
https://www.screwfix.com//c/auto-cleaning/floor-cleaning-machines/cat8720009,Auto cleaning,Floor cleaning machines,/c/auto-cleaning/floor-cleaning-machines/cat8720009
https://www.screwfix.com//c/auto-cleaning/cleaning-essentials/cat6990015,Auto cleaning,Cleaning essentials,/c/auto-cleaning/cleaning-essentials/cat6990015
https://www.screwfix.com//c/auto-cleaning/cleaning-fluids/cat810178,Auto cleaning,Cleaning fluids,/c/auto-cleaning/cleaning-fluids/cat810178
https://www.screwfix.com//c/auto-cleaning/cloths-wipes-roll/cat810146,Auto cleaning,Cloths wipes roll,/c/auto-cleaning/cloths-wipes-roll/cat810146
https://www.screwfix.com//c/auto-cleaning/cleaning-brushes/cat7820008,Auto cleaning,Cleaning brushes,/c/auto-cleaning/cleaning-brushes/cat7820008
https://www.screwfix.com//c/auto-cleaning/outdoor-cleaning/cat810180,Auto cleaning,Outdoor cleaning,/c/auto-cleaning/outdoor-cleaning/cat810180
https://www.screwfix.com//c/auto-cleaning/window-cleaning/cat6990021,Auto cleaning,Window cleaning,/c/auto-cleaning/window-cleaning/cat6990021
https://www.screwfix.com//c/auto-cleaning/mops-buckets/cat7820005,Auto cleaning,Mops buckets,/c/auto-cleaning/mops-buckets/cat7820005
https://www.screwfix.com//c/auto-cleaning/bin-bags/cat8310004,Auto cleaning,Bin bags,/c/auto-cleaning/bin-bags/cat8310004
https://www.screwfix.com//c/auto-cleaning/pest-control/cat7820004,Auto cleaning,Pest control,/c/auto-cleaning/pest-control/cat7820004
https://www.screwfix.com//c/auto-cleaning/waste-recycling/cat7820003,Auto cleaning,Waste recycling,/c/auto-cleaning/waste-recycling/cat7820003
https://www.screwfix.com//c/auto-cleaning/soap-dispensers/cat810154,Auto cleaning,Soap dispensers,/c/auto-cleaning/soap-dispensers/cat810154
https://www.screwfix.com//c/decorating/painting/cat9930001,Decorating,Painting,/c/decorating/painting/cat9930001
https://www.screwfix.com//c/decorating/primer-paints/cat850180,Decorating,Primer paints,/c/decorating/primer-paints/cat850180
https://www.screwfix.com//c/decorating/spray-paints/cat850184,Decorating,Spray paints,/c/decorating/spray-paints/cat850184
https://www.screwfix.com//c/decorating/specialist-paints/cat850182,Decorating,Specialist paints,/c/decorating/specialist-paints/cat850182
https://www.screwfix.com//c/decorating/damp-proof-paints/cat10180002,Decorating,Damp proof paints,/c/decorating/damp-proof-paints/cat10180002
https://www.screwfix.com//c/decorating/paint-brushes/cat850132,Decorating,Paint brushes,/c/decorating/paint-brushes/cat850132
https://www.screwfix.com//c/decorating/paint-rollers/cat850134,Decorating,Paint rollers,/c/decorating/paint-rollers/cat850134
https://www.screwfix.com//c/decorating/woodcare/cat850186,Decorating,Woodcare,/c/decorating/woodcare/cat850186
https://www.screwfix.com//c/decorating/fence-paint/cat850566,Decorating,Fence paint,/c/decorating/fence-paint/cat850566
https://www.screwfix.com//c/decorating/decking-treatment/cat850320,Decorating,Decking treatment,/c/decorating/decking-treatment/cat850320
https://www.screwfix.com//c/decorating/wood-stain/cat850456,Decorating,Wood stain,/c/decorating/wood-stain/cat850456
https://www.screwfix.com//c/decorating/wood-treatment/cat850458,Decorating,Wood treatment,/c/decorating/wood-treatment/cat850458
https://www.screwfix.com//c/decorating/varnish/cat850450,Decorating,Varnish,/c/decorating/varnish/cat850450
https://www.screwfix.com//c/decorating/wood-oil/cat850452,Decorating,Wood oil,/c/decorating/wood-oil/cat850452
https://www.screwfix.com//c/decorating/wood-wax/cat9900006,Decorating,Wood wax,/c/decorating/wood-wax/cat9900006
https://www.screwfix.com//c/decorating/wood-dye/cat9900007,Decorating,Wood dye,/c/decorating/wood-dye/cat9900007
https://www.screwfix.com//c/decorating/decorating-tools/cat830702,Decorating,Decorating tools,/c/decorating/decorating-tools/cat830702
https://www.screwfix.com//c/decorating/scuttles-kits-trays/cat850156,Decorating,Scuttles kits trays,/c/decorating/scuttles-kits-trays/cat850156
https://www.screwfix.com//c/decorating/extension-poles/cat850158,Decorating,Extension poles,/c/decorating/extension-poles/cat850158
https://www.screwfix.com//c/decorating/knives-scrapers/cat850138,Decorating,Knives scrapers,/c/decorating/knives-scrapers/cat850138
https://www.screwfix.com//c/decorating/decking-stain-applicators/cat14690002,Decorating,Decking stain applicators,/c/decorating/decking-stain-applicators/cat14690002
https://www.screwfix.com//c/decorating/electric-paint-sprayers/cat830802,Decorating,Electric paint sprayers,/c/decorating/electric-paint-sprayers/cat830802
https://www.screwfix.com//c/decorating/wallpaper-strippers/cat830806,Decorating,Wallpaper strippers,/c/decorating/wallpaper-strippers/cat830806
https://www.screwfix.com//c/decorating/dust-sheets/cat850140,Decorating,Dust sheets,/c/decorating/dust-sheets/cat850140
https://www.screwfix.com//c/decorating/carpet-protectors/cat7270025,Decorating,Carpet protectors,/c/decorating/carpet-protectors/cat7270025
https://www.screwfix.com//c/tools/glue-heat-guns/cat830804,Tools,Glue heat guns,/c/tools/glue-heat-guns/cat830804
https://www.screwfix.com//c/decorating/paint-brush-cleaners/cat7270027,Decorating,Paint brush cleaners,/c/decorating/paint-brush-cleaners/cat7270027
https://www.screwfix.com//c/decorating/wallpaper-coverings/cat850144,Decorating,Wallpaper coverings,/c/decorating/wallpaper-coverings/cat850144
https://www.screwfix.com//c/decorating/lining-paper/cat6100030,Decorating,Lining paper,/c/decorating/lining-paper/cat6100030
https://www.screwfix.com//c/decorating/wallpapering-tools/cat850468,Decorating,Wallpapering tools,/c/decorating/wallpapering-tools/cat850468
