page_url,category,subcategory,category_code
https://www.trade-point.co.uk/departments/goodhome-barbecue-grate-41-2cm-l-x-41-2cm-w-/3663602358534_TP.prd,Outdoor & garden,Bbq's & bbq accessories,TPW581035
https://www.trade-point.co.uk/departments/leisure-cs100f520x-freestanding-electric-range-cooker-with-gas-hob-stainless-steel-effect/405510_TP.prd,Kitchen,Kitchen appliances,TPW824242
https://www.trade-point.co.uk/departments/flooring-grey-plain-door-mat-150cm-x-57cm/5014206505400_TP.prd,"Home, furniture & storage",Home furnishings,TPW581012
https://www.trade-point.co.uk/departments/silver-nickel-effect-metal-clip-pole-connector-l-110mm-dia-28mm/3663602453444_TP.prd,"Home, furniture & storage",Home furnishings,TPW2023165
https://www.trade-point.co.uk/departments/wax-lyrical-red-cherries-tea-lights-small-pack-of-9/5015802220865_TP.prd,"Home, furniture & storage",Home furnishings,TPW2023238
https://www.trade-point.co.uk/departments/goodhome-marloes-gloss-white-chipboard-bathroom-worktop-t-2-8cm-x-l-120cm-x-w-45-2cm/3663602414872_TP.prd,Bathroom,Bathroom worktops,TPW822362
https://www.trade-point.co.uk/departments/floplast-brown-square-union-bracket-dia-114mm-1/81037_TP.prd,Building supplies,Guttering,TPW0002956
https://www.trade-point.co.uk/departments/magnusson-3-piece-wood-chisel-set-sf27/1782668_TP.prd,Tools & equipment,Hand tools,TPW623119
https://www.trade-point.co.uk/departments/lap-2-gang-32mm-pattress-box/1284719_TP.prd,Electrical & security,Switches & sockets,TPW1374872
https://www.trade-point.co.uk/departments/terma-1200w-grey-wire-heating-element/5901804706332_TP.prd,"Heating, plumbing & cooling",Central heating,TPW0002070
https://www.trade-point.co.uk/departments/bartoline-improved-clean-spirit-2l/5010789955137_TP.prd,Painting & decorating,Decorating tools & supplies,TPW2023285
https://www.trade-point.co.uk/departments/klikstrom-lemhi-contemporary-closeboard-venetian-autoclave-pressure-treated-wooden-fence-panel-w-1-8m-h-1-8m/5059340046303_TP.prd,Outdoor & garden,Fencing,TPW585890
https://www.trade-point.co.uk/departments/karcher-k7-premium-power-corded-pressure-washer-2-8kw-13171740/4066529081858_TP.prd,Outdoor & garden,Garden power tools,TPW780421
https://www.trade-point.co.uk/departments/solvite-ready-mixed-wall-covering-adhesive-4-5kg-5-rolls/5010305142768_TP.prd,Painting & decorating,Decorating tools & supplies,TPW2023287
https://www.trade-point.co.uk/departments/mira-decor-silver-effect-manual-electric-shower-8-5kw/5013181104691_TP.prd,Bathroom,Showers,TPW822108
https://www.trade-point.co.uk/departments/blooma-black-steel-brenton-door-bolt-l-152mm-w-45mm/5059340456553_TP.prd,Hardware,Locks & padlocks,TPW0002435
https://www.trade-point.co.uk/departments/splashwall-gloss-white-tile-effect-2-sided-shower-panel-kit-l-2420mm-w-1200mm-t-3mm/5060699091357_TP.prd,Bathroom,Wet rooms,TPW1411676
https://www.trade-point.co.uk/departments/goodhome-decor-10-scotia-trim-220cm/3663602531142_TP.prd,Flooring & tiling,Flooring supplies,TPW765472
https://www.trade-point.co.uk/departments/goodhome-cavally-medium-gloss-chrome-effect-round-deck-mounted-manual-basin-mono-mixer-tap/5059340185552_TP.prd,Bathroom,Bathroom taps,TPW1374382
https://www.trade-point.co.uk/departments/goodhome-jarrow-black-mains-powered-1-lamp-outdoor-post-lantern-h-2274mm/5059340189765_TP.prd,Lighting,Outdoor lights,TPW579495
https://www.trade-point.co.uk/departments/expamet-galvanised-steel-joist-hanger-w-50mm-pack-of-10/35540_TP.prd,Hardware,Builder's metalwork,TPW765624
https://www.trade-point.co.uk/departments/aviles-chrome-effect-2-lamp-bathroom-ceiling-light/5059340230917_TP.prd,Lighting,Indoor lights,TPW579439
https://www.trade-point.co.uk/departments/jg-speedfit-plastic-push-fit-stop-end-dia-15mm-pack-of-10/34364_TP.prd,"Heating, plumbing & cooling",Plumbing,TPW1655188
https://www.trade-point.co.uk/departments/olympia-white-patio-cover-h-3050mm-w-2950mm-d-7300mm/7290108134322_TP.prd,Outdoor & garden,"Arches, arbours & pergolas",TPW585798
https://www.trade-point.co.uk/departments/peckish-sunflower-heart-bird-feeder/5030872000599_TP.prd,Animal & pet care,Bird & wildlife supplies,TPW0003258
https://www.trade-point.co.uk/departments/goodhome-owsley-4-1-black-4-burner-gas-bbq/5059340137896_TP.prd,Outdoor & garden,Bbq's & bbq accessories,TPW581032
https://www.trade-point.co.uk/departments/cooke-lewis-conway-white-steel-rectangular-straight-bath-l-1700mm-w-700mm/194437_TP.prd,Bathroom,Baths,TPW2023150
https://www.trade-point.co.uk/departments/makita-60t-circular-saw-blade-dia-165mm/0088381524117_TP.prd,Tools & equipment,Power tool accessories,TPW589068
https://www.trade-point.co.uk/departments/magnusson-standard-flat-head-screwdriver-sl-8-0mm-x-150mm/1782624_TP.prd,Tools & equipment,Hand tools,TPW636168
https://www.trade-point.co.uk/departments/silver-effect-aluminium-equal-u-shaped-angle-profile-l-1m-w-10mm/3232637405706_TP.prd,Hardware,Builder's metalwork,TPW765621
https://www.trade-point.co.uk/departments/goodhome-athens-grey-brushed-nickel-effect-metal-short-curtain-pole-bracket/3663602452935_TP.prd,"Home, furniture & storage",Home furnishings,TPW2023168
https://www.trade-point.co.uk/departments/osb-3-osb-3-board-l-2-44m-w-1-22m-t-18mm/1696229_TP.prd,Timber & joinery,Sheet wood,TPW0002684
https://www.trade-point.co.uk/departments/site-trench-black-safety-wellington-boots-size-9/3663602606079_TP.prd,Tools & equipment,Safety & workwear,TPW638870
https://www.trade-point.co.uk/departments/candy-ch64ccb-59cm-ceramic-hob-black/8016361954878_TP.prd,Kitchen,Kitchen appliances,TPW824241
https://www.trade-point.co.uk/departments/fischer-metal-shield-anchor-l-55mm-pack-of-2/4006209570715_TP.prd,Hardware,Fixings & plugs,TPW580731
https://www.trade-point.co.uk/departments/masterplug-4-socket-black-blue-outdoor-cable-reel-45m/33668_TP.prd,Electrical & security,"Extension leads, plugs, fuses & adaptors",TPW0002188
https://www.trade-point.co.uk/departments/ready-assembled-white-oak-effect-tv-furniture-stand-with-2-shelves-h-49-5cm-x-w-146-5cm-x-d-40cm/5056071015035_TP.prd,"Home, furniture & storage",Furniture,TPW0000418
https://www.trade-point.co.uk/departments/magnusson-square-d-handle-shovel/5059340086590_TP.prd,Outdoor & garden,Garden hand tools & equipment,TPW780450
https://www.trade-point.co.uk/departments/hozelock-7-function-spray-nozzle/1604394_TP.prd,Outdoor & garden,Watering,TPW585901
https://www.trade-point.co.uk/departments/floplast-ring-seal-soil-black-single-socket-soil-pipe-dia-110mm-l-3000mm/80963_TP.prd,Building supplies,Drainage,TPW0997133
https://www.trade-point.co.uk/departments/dewalt-claw-hammer-16oz/3253560510039_TP.prd,Tools & equipment,Hand tools,TPW623213
https://www.trade-point.co.uk/departments/blooma-heavy-duty-galvanised-steel-tee-hinge-l-500mm/5059340456386_TP.prd,Hardware,Gate furniture,TPW0002305
https://www.trade-point.co.uk/departments/diall-chrome-plated-brass-bead-chain-l-2-5m-dia-3-2mm/1520638_TP.prd,Hardware,"Ropes, bungees, straps & chains",TPW796654
https://www.trade-point.co.uk/departments/magnusson-1200mm-box-spirit-level/1782712_TP.prd,Tools & equipment,Hand tools,TPW623226
https://www.trade-point.co.uk/departments/smith-locke-black-braided-steel-security-cable-l-3m-dia-15mm/1731775_TP.prd,Hardware,Vehicle & exterior security,TPW0002316
https://www.trade-point.co.uk/departments/goodhome-elland-matt-white-grey-marble-effect-polyresin-freestanding-soap-dispenser/5059340204161_TP.prd,Bathroom,Bathroom accessories,TPW822391
https://www.trade-point.co.uk/departments/karcher-plug-clean-car-shampoo-1l-bottle/203978_TP.prd,Tools & equipment,Automotive,TPW589096
https://www.trade-point.co.uk/departments/mapei-fast-set-grey-tile-adhesive-20kg/38140_TP.prd,Flooring & tiling,"Tiling grouts, sealers & adhesives",TPW566475
https://www.trade-point.co.uk/departments/goodhome-kala-stone-effect-black-worktop-edging-tape-l-3m-w-42mm/5059340145198_TP.prd,Kitchen,Kitchen worktops,TPW824275
https://www.trade-point.co.uk/departments/rowlinson-timber-spiked-border-edging-h-150mm-l-1-2m/5013856992783_TP.prd,Outdoor & garden,Lawn & plant care,TPW581113
https://www.trade-point.co.uk/departments/hozelock-2-way-hose-pipe-connector-21mm/5010646058018_TP.prd,Outdoor & garden,Watering,TPW780523
https://www.trade-point.co.uk/departments/munstead-lavender-seed/3663602520092_TP.prd,Outdoor & garden,"Plants, seeds & bulbs",TPW581227
https://www.trade-point.co.uk/departments/the-house-nameplate-company-black-white-slate-rectangular-house-number-11-h-102mm-w-140mm/255155_TP.prd,Hardware,House signs,TPW580761
https://www.trade-point.co.uk/departments/goodhome-atomia-grey-oak-effect-pull-out-shoe-rack-w-500mm/5059340532073_TP.prd,"Home, furniture & storage",Storage & shelving,TPW580679
https://www.trade-point.co.uk/departments/mapei-flexcolour-ready-mixed-jasmine-grout-5kg/8022452055263_TP.prd,Flooring & tiling,"Tiling grouts, sealers & adhesives",TPW765575
https://www.trade-point.co.uk/departments/jay-be-benchmark-s1-comfort-eco-friendly-open-coil-water-resistant-small-double-mattress/5016253004561_TP.prd,"Home, furniture & storage",Furniture,TPW2023241
https://www.trade-point.co.uk/departments/venus-fly-trap-in-9cm-assorted-plastic-pot/3663602463481_TP.prd,Outdoor & garden,"Plants, seeds & bulbs",TPW581222
https://www.trade-point.co.uk/departments/jg-speedfit-push-fit-tap-connector-15mm-x-l-300mm-pack-of-2/34377_TP.prd,"Heating, plumbing & cooling",Plumbing,TPW1652478
https://www.trade-point.co.uk/departments/blooma-paracas-green-fixing-spike-l-450mm/1906481_TP.prd,Outdoor & garden,Lawn & plant care,TPW581162
https://www.trade-point.co.uk/departments/cooke-lewis-onega-blanc-frosted-striped-pattern-sliding-shower-door-h-190cm-w-120cm/1620659_TP.prd,Bathroom,"Shower enclosures, doors & trays",TPW822115
https://www.trade-point.co.uk/departments/blooma-deck-riser-l-35mm-pack-of-10/3663602426875_TP.prd,Outdoor & garden,Decking,TPW585085
https://www.trade-point.co.uk/departments/smart-solar-multispot-black-solar-powered-led-outdoor-ground-light-set-of-10/5050642077118_TP.prd,Lighting,Outdoor lights,TPW579493
https://www.trade-point.co.uk/departments/diall-countersunk-hammer-fixing-l-80mm-dia-8mm-pack-of-50/1585015_TP.prd,Hardware,Fixings & plugs,TPW580734
https://www.trade-point.co.uk/departments/goodhome-moorea-grey-metal-armchair/5059340347349_TP.prd,Outdoor & garden,Garden furniture,TPW0001976
https://www.trade-point.co.uk/departments/magnusson-920mm-spreader-clamp/1797826_TP.prd,Tools & equipment,Hand tools,TPW2023224
https://www.trade-point.co.uk/departments/erbauer-ext-elm18-li-cordless-36v-lawnmower/3663602418276_TP.prd,Outdoor & garden,Garden power tools,TPW780402
https://www.trade-point.co.uk/departments/carlube-diesel-adblue-10l/5010373043264_TP.prd,Tools & equipment,Automotive,TPW589077
https://www.trade-point.co.uk/departments/floplast-miniflo-black-half-round-gutter-length-l-2m-dia-76mm/81059_TP.prd,Building supplies,Guttering,TPW0002042
https://www.trade-point.co.uk/departments/ultimate-white-gloss-marble-effect-porcelain-floor-tile-pack-of-3-l-595mm-w-595mm/5057741330687_TP.prd,Flooring & tiling,Tiles,TPW566460
https://www.trade-point.co.uk/departments/cleverspa-hot-tub-spa-filter-pack-of-2/5019008881066_TP.prd,Outdoor & garden,Garden furniture,TPW0002003
https://www.trade-point.co.uk/departments/erbauer-t41-cutting-disc-230mm-x-1-9mm-x-22-2mm-pack-of-5/5059340334646_TP.prd,Tools & equipment,Power tool accessories,TPW588993
https://www.trade-point.co.uk/departments/evolution-2000w-240v-255mm-corded-sliding-mitre-saw-r255sms/0849713073716_TP.prd,Tools & equipment,Power tools,TPW638613
https://www.trade-point.co.uk/departments/beko-qbse222x-built-in-multifunction-oven-hob-pack-stainless-steel/8690842474316_TP.prd,Kitchen,Kitchen appliances,TPW824238
https://www.trade-point.co.uk/departments/bemis-denver-white-toilet-seat/303657_TP.prd,Bathroom,Toilet seats,TPW2023252
https://www.trade-point.co.uk/departments/cuprinol-city-stone-matt-decking-wood-stain-2-5l/127195_TP.prd,Painting & decorating,Woodcare,TPW2023260
https://www.trade-point.co.uk/departments/varta-longlife-power-aa-battery-pack-of-24/1519153_TP.prd,Electrical & security,Batteries & charging,TPW0002143
https://www.trade-point.co.uk/departments/beko-bcfd473-70-30-integrated-frost-free-fridge-freezer/8690842609145_TP.prd,Kitchen,Kitchen appliances,TPW824236
https://www.trade-point.co.uk/departments/goodhome-38mm-berberis-gloss-black-star-effect-chipboard-laminate-square-edge-kitchen-worktop-l-3000mm/3663602634911_TP.prd,Kitchen,Kitchen worktops,TPW0003400
https://www.trade-point.co.uk/departments/gyproc-fibatape-xtreme-fibreglass-orange-joining-tape-l-90m-w-48mm/898483_TP.prd,Building supplies,Roofing supplies,TPW570203
https://www.trade-point.co.uk/departments/smith-locke-black-powder-coated-steel-hasp-staple-l-150mm-w-45mm/1733031_TP.prd,Hardware,Gate furniture,TPW1150041
https://www.trade-point.co.uk/departments/blue-circle-multipurpose-cement-25kg-bag/35715_TP.prd,Building supplies,Cements & additives,TPW763011
https://www.trade-point.co.uk/departments/the-house-nameplate-company-brass-letter-plate-h-80mm-w-280mm/193039_TP.prd,Hardware,Door furniture,TPW580756
https://www.trade-point.co.uk/departments/bosch-bi-metal-14-piece-holesaw/3165140949613_TP.prd,Tools & equipment,Power tool accessories,TPW2023034
https://www.trade-point.co.uk/departments/blooma-black-steel-tee-hinge-l-381mm-pack-of-2/5059340456393_TP.prd,Hardware,Gate furniture,TPW580703
https://www.trade-point.co.uk/departments/goodhome-polished-angled-thermostatic-radiator-valve-lockshield-dia-15mm-x-/5036581050795_TP.prd,"Heating, plumbing & cooling",Central heating,TPW0002073
https://www.trade-point.co.uk/departments/dewalt-rosewell-black-sweatshirt-large/5057741308730_TP.prd,Tools & equipment,Safety & workwear,TPW638893
https://www.trade-point.co.uk/departments/werner-1-tread-plastic-steel-foldable-step-stool-h-0-76m/5010845002478_TP.prd,Tools & equipment,Ladders & steps,TPW637114
https://www.trade-point.co.uk/departments/bg-white-e14-pendant-set/5050765170949_TP.prd,Lighting,Light fixtures & fittings,TPW579435
https://www.trade-point.co.uk/departments/boreas-corded-grey-plain-blackout-roller-blind-w-90cm-l-180cm/1643968_TP.prd,"Home, furniture & storage",Home furnishings,TPW1326521
https://www.trade-point.co.uk/departments/goodhome-kombu-soft-close-110-clip-on-cabinet-hinge-pair/3663602643784_TP.prd,Hardware,Hinges,TPW580660
https://www.trade-point.co.uk/departments/google-nest-3rd-generation-t3028gb-smart-thermostat-silver-effect/0813917021170_TP.prd,"Heating, plumbing & cooling",Central heating,TPW1652450
https://www.trade-point.co.uk/departments/numatic-henry-xl-nrv370-11-corded-cylinder-vacuum-cleaner-15l/5028965813782_TP.prd,"Home, furniture & storage",Home furnishings,TPW2023317
https://www.trade-point.co.uk/departments/varnished-hot-rolled-steel-twisted-round-bar-l-2m-dia-8mm/254218_TP.prd,Hardware,Builder's metalwork,TPW765615
https://www.trade-point.co.uk/departments/fire-exit-pvc-safety-sign-h-125mm-w-400mm/237155_TP.prd,Tools & equipment,Safety & workwear,TPW0003154
https://www.trade-point.co.uk/departments/goodhome-denia-wooden-4-seater-coffee-set/3663602423973_TP.prd,Outdoor & garden,Garden furniture,TPW0003398
https://www.trade-point.co.uk/departments/floplast-white-solvent-weld-90-waste-pipe-bend-dia-32mm/262242_TP.prd,"Heating, plumbing & cooling",Plumbing,TPW0002061
https://www.trade-point.co.uk/departments/corrubit-black-bitumen-corrugated-roofing-sheet-l-2m-w-930mm-t-2-2mm/5060382235778_TP.prd,Building supplies,Roofing supplies,TPW570202
https://www.trade-point.co.uk/departments/diall-white-pvc-round-edge-bath-seal-l-2500mm-w-17mm/5059340164540_TP.prd,Bathroom,Showers,TPW2023147
https://www.trade-point.co.uk/departments/verve-black-gravel-tray-520mm/954398_TP.prd,Outdoor & garden,Lawn & plant care,TPW0002108
https://www.trade-point.co.uk/departments/goodhome-moorea-steel-grey-aluminium-6-seater-coffee-set/5059340675732_TP.prd,Outdoor & garden,Garden furniture,TPW0001973
https://www.trade-point.co.uk/departments/goodhome-hartland-matt-black-white-floor-lamp/5063022067869_TP.prd,Lighting,Indoor lights,TPW579453
https://www.trade-point.co.uk/departments/erbauer-ecsp41-41cc-400mm-petrol-chainsaw/5059340255897_TP.prd,Outdoor & garden,Garden power tools,TPW780378
https://www.trade-point.co.uk/departments/erbauer-ext-18v-5ah-li-ion-battery/3663602799108_TP.prd,Tools & equipment,Power tools,TPW1419560
https://www.trade-point.co.uk/departments/matt-black-stone-effect-chamfered-straight-edge-solid-core-laminate-bathroom-worktop-t-1-2cm-x-l-122cm-x-w-38-5cm/5065012980073_TP.prd,Bathroom,Bathroom worktops,TPW822363
https://www.trade-point.co.uk/departments/goodhome-athens-satin-nickel-effect-extendable-ball-single-curtain-pole-set-set-l-1200mm-2100mm-dia-19mm/3663602453079_TP.prd,"Home, furniture & storage",Home furnishings,TPW2023162
https://www.trade-point.co.uk/departments/chs60-stainless-steel-chimney-cooker-hood-w-60cm-inox/1769290_TP.prd,Kitchen,Kitchen appliances,TPW0002754
https://www.trade-point.co.uk/departments/spacepro-white-end-fillet-l-2800mm-w-90mm/1212861_TP.prd,"Home, furniture & storage",Furniture,TPW0000426
https://www.trade-point.co.uk/departments/goodhome-poprock-grey-wood-planks-wood-effect-self-adhesive-vinyl-plank-pack-of-7/3663602563365_TP.prd,Flooring & tiling,Flooring & underlay,TPW566438
https://www.trade-point.co.uk/departments/prysmian-grey-twin-earth-cable-2-5mm-x-100m/33833_TP.prd,Electrical & security,Wiring,TPW763713
https://www.trade-point.co.uk/departments/lay-z-spa-black-grey-dome-spa-canopy/6942138984095_TP.prd,Outdoor & garden,Garden furniture,TPW0002007
https://www.trade-point.co.uk/departments/mountfield-lawnmower-oil-1l/109403_TP.prd,Outdoor & garden,Garden power tools,TPW0998435
https://www.trade-point.co.uk/departments/plumbsure-compression-reducing-coupler-dia-22mm-dia-15mm-22mm/34129_TP.prd,"Heating, plumbing & cooling",Plumbing,TPW1655195
https://www.trade-point.co.uk/departments/site-black-bodywarmer-size-12/5059340652382_TP.prd,Tools & equipment,Safety & workwear,TPW638888
https://www.trade-point.co.uk/departments/verve-hardy-cupressus-goldcrest-conifer-1l-large/5059340937359_TP.prd,Outdoor & garden,"Plants, seeds & bulbs",TPW780365
https://www.trade-point.co.uk/departments/yard-stone-chevron-tuft-king-cotton-duvet-cover-pillow-case-set/5025532552747_TP.prd,"Home, furniture & storage",Home furnishings,TPW822487
https://www.trade-point.co.uk/departments/magnusson-carbon-steel-rubber-wood-dutch-hoe/5059340087313_TP.prd,Outdoor & garden,Garden hand tools & equipment,TPW780462
https://www.trade-point.co.uk/departments/tcp-white-10-pedestal-fan-with-adjustable-height/8720039609914_TP.prd,"Heating, plumbing & cooling",Air treatment,TPW1652325
https://www.trade-point.co.uk/departments/cecina-grey-satin-marble-effect-porcelain-wall-floor-tile-pack-of-5-l-600mm-w-300mm/5063022022554_TP.prd,Flooring & tiling,Tiles,TPW0003405
https://www.trade-point.co.uk/departments/colorado-steel-grey-2-seater-swing-bench/5059340852225_TP.prd,Sport & leisure,Outdoor play,TPW0002744
https://www.trade-point.co.uk/departments/mill-heat-invisible-electric-smart-600w-white-panel-heater/5025301994211_TP.prd,"Heating, plumbing & cooling","Fires, stoves & electric heating",TPW1652543
https://www.trade-point.co.uk/departments/focal-point-osmington-1-8kw-electric-fire/5023539024410_TP.prd,"Heating, plumbing & cooling","Fires, stoves & electric heating",TPW1652460
https://www.trade-point.co.uk/departments/jg-speedfit-white-cross-linked-polyethylene-pe-x-push-fit-barrier-pipe-l-25m-dia-22mm/34376_TP.prd,"Heating, plumbing & cooling",Plumbing,TPW1652471
https://www.trade-point.co.uk/departments/dewalt-mixed-screwdriver-bits-l-220mm-40-pieces/5035048503706_TP.prd,Tools & equipment,Power tool accessories,TPW589074
https://www.trade-point.co.uk/departments/bg-100a-12-way-dual-rcd-consumer-unit/5050765194495_TP.prd,Electrical & security,Power distribution,TPW0002155
https://www.trade-point.co.uk/departments/palram-canopia-mythos-grey-6x6-greenhouse/7290108601039_TP.prd,Outdoor & garden,Greenhouses & growhouses,TPW581240
https://www.trade-point.co.uk/departments/goodhome-koros-silver-effect-wall-mounted-toilet-roll-holder-h-128mm-w-153mm/3663602674528_TP.prd,Bathroom,Bathroom accessories,TPW822393
https://www.trade-point.co.uk/departments/goodhome-kpezin-charcoal-fabric-dyed-light-shade-d-40cm/5059340019642_TP.prd,Lighting,Indoor lights,TPW579430
https://www.trade-point.co.uk/departments/verve-peat-free-multi-purpose-compost-50l/5063022070326_TP.prd,Outdoor & garden,Lawn & plant care,TPW581141
https://www.trade-point.co.uk/departments/smart-garden-black-round-plastic-hanging-basket-38-5cm/5050642049139_TP.prd,Outdoor & garden,Lawn & plant care,TPW581183
https://www.trade-point.co.uk/departments/fn-acustico-grey-concrete-veneer-acoustic-panel-l-2400mm-w-572-5mm-7-2kg/9010115274587_TP.prd,Painting & decorating,Wallpaper & wall coverings,TPW0002032
https://www.trade-point.co.uk/departments/goodhome-verdi-soft-pink-romantic-floral-matt-mural/5059340411132_TP.prd,Painting & decorating,Wallpaper & wall coverings,TPW1624654
https://www.trade-point.co.uk/departments/dewalt-18v-2-x-4-li-ion-brushless-cordless-combi-drill-dcd778m2t-gb/5035048723593_TP.prd,Tools & equipment,Power tools,TPW637279
https://www.trade-point.co.uk/departments/hotpoint-h2d71wuk-wh-7kg-freestanding-condenser-tumble-dryer-white/5054645631001_TP.prd,Kitchen,Kitchen appliances,TPW824244
https://www.trade-point.co.uk/departments/yale-satin-nickel-plated-single-euro-cylinder-lock-l-100mm-w-29mm/192255_TP.prd,Hardware,Locks & padlocks,TPW580693
https://www.trade-point.co.uk/departments/mac-allister-solo-18v-280mm-cordless-grass-trimmer-mgt1827-li/5059340239408_TP.prd,Outdoor & garden,Garden power tools,TPW0002123
https://www.trade-point.co.uk/departments/goodhome-aluminium-anti-slip-step-protector-l-900mm-w-35mm/3663602528814_TP.prd,Timber & joinery,Stairs & stair parts,TPW0002621
https://www.trade-point.co.uk/departments/plastic-interlocking-shed-base-w-49cm-x-l-49cm-pack-of-4/5060192725094_TP.prd,Outdoor & garden,Garden buildings,TPW585873
https://www.trade-point.co.uk/departments/dewalt-extreme-impact-torsion-14-piece-mixed-screwdriver-set/1716099_TP.prd,Tools & equipment,Hand tools,TPW2023223
https://www.trade-point.co.uk/departments/lap-white-b22-pendant-set-l-0-15mm/5059340189024_TP.prd,Lighting,Light fixtures & fittings,TPW579431
https://www.trade-point.co.uk/departments/klikstrom-uc4-natural-wooden-fence-post-h-2-4m-w-90mm/3663602432364_TP.prd,Outdoor & garden,Fencing,TPW581248
https://www.trade-point.co.uk/departments/walsall-pneumatic-wheel-dia-350mm-w-100mm/1790326_TP.prd,Hardware,Furniture hardware,TPW580670
https://www.trade-point.co.uk/departments/norton-120-grit-fine-metal-wood-hand-sanding-sheet-pack-of-5/3157629797006_TP.prd,Painting & decorating,Decorating tools & supplies,TPW2023279
https://www.trade-point.co.uk/departments/goodhome-1-heavy-duty-filling-knife/5059340015125_TP.prd,Painting & decorating,Decorating tools & supplies,TPW2023282
https://www.trade-point.co.uk/departments/master-lock-3066eurdat-black-polyester-ratchet-strap-set-pack-of-2/257811_TP.prd,Hardware,"Ropes, bungees, straps & chains",TPW580654
https://www.trade-point.co.uk/departments/goodhome-alpinia-matt-slate-grey-wood-effect-cornice-pelmet-h-35mm/5059340130200_TP.prd,Kitchen,Kitchen cabinets,TPW0002764
https://www.trade-point.co.uk/departments/manrose-white-pvc-flexible-ducting-hose-l-2-5m-dia-100mm/261981_TP.prd,Building supplies,Ventilation,TPW570334
https://www.trade-point.co.uk/departments/gro-sure-lawn-fertiliser-80m-3-2kg/910957_TP.prd,Outdoor & garden,Lawn & plant care,TPW581148
https://www.trade-point.co.uk/departments/klikstrom-tiama-pine-horizontal-slats-gate-h-1-8m-w-0-9m/5059340668833_TP.prd,Outdoor & garden,Fencing,TPW581246
https://www.trade-point.co.uk/departments/klikstrom-senner-6x4-ft-pent-grey-shed-with-floor-1-window/5059340844428_TP.prd,Outdoor & garden,Garden buildings,TPW581242
https://www.trade-point.co.uk/departments/triton-envi-duelec-gloss-chrome-effect-thermostatic-electric-shower-10-5kw/5012663158856_TP.prd,Bathroom,Showers,TPW822109
https://www.trade-point.co.uk/departments/goodhome-poprock-silver-wood-planks-wood-effect-self-adhesive-vinyl-plank-pack-of-8/3663602563396_TP.prd,Flooring & tiling,Flooring & underlay,TPW566440
https://www.trade-point.co.uk/departments/karcher-pressure-washer-foamer/580492_TP.prd,Outdoor & garden,Garden power tools,TPW0998449
https://www.trade-point.co.uk/departments/bosch-smv2itx18g-integrated-full-size-dishwasher-white/4242005275069_TP.prd,Kitchen,Kitchen appliances,TPW824233
https://www.trade-point.co.uk/departments/premium-square-pergola-beam-h-3000mm-w-90mm/5059340241357_TP.prd,Outdoor & garden,"Arches, arbours & pergolas",TPW585826
https://www.trade-point.co.uk/departments/hozelock-pond-liner-l-4m-w-3m/203756_TP.prd,Outdoor & garden,Watering,TPW581251
https://www.trade-point.co.uk/departments/metsa-wood-primed-white-mdf-chamfered-skirting-board-l-2-4m-w-119mm-t-14-5mm-pack-of-4/5022652849986_TP.prd,Timber & joinery,Wood trims,TPW0002681
https://www.trade-point.co.uk/departments/site-bronzite-unisex-black-charcoal-grey-safety-boots-size-12/5059340225449_TP.prd,Tools & equipment,Safety & workwear,TPW638867
https://www.trade-point.co.uk/departments/candy-new-timeless-fct405x-33702928-built-in-single-fan-oven-stainless-steel-effect/8016361985780_TP.prd,Kitchen,Kitchen appliances,TPW824239
https://www.trade-point.co.uk/departments/silver-effect-metal-lantern-w-14cm-x-d-14cm/5010795682324_TP.prd,"Home, furniture & storage",Home furnishings,TPW1726732
https://www.trade-point.co.uk/departments/magnusson-combination-spanners-set-of-25/1797832_TP.prd,Tools & equipment,Hand tools,TPW636245
https://www.trade-point.co.uk/departments/cooke-lewis-clfsmw20luk-20l-freestanding-microwave-matt-white/5059340213705_TP.prd,Kitchen,Kitchen appliances,TPW824243
https://www.trade-point.co.uk/departments/floplast-miniflo-black-112-5-offset-downpipe-bend-dia-50mm/81064_TP.prd,Building supplies,Guttering,TPW0002955
https://www.trade-point.co.uk/departments/the-house-nameplate-company-black-white-slate-rectangular-house-number-11-h-102mm-w-140mm/255155_TP.prd,Hardware,House signs,TPW580657
https://www.trade-point.co.uk/departments/blooma-moses-dark-grey-rectangular-gazebo-tent-h-2-33m-w-4m-d-3m/3663602419129_TP.prd,Outdoor & garden,"Arches, arbours & pergolas",TPW594239
https://www.trade-point.co.uk/departments/fatmax-deep-pro-black-yellow-organiser/162730_TP.prd,Tools & equipment,Tool storage,TPW638751
https://www.trade-point.co.uk/departments/richard-burbidge-flat-roof-door-canopy-h-1124mm-w-1736mm-d-661mm/42779_TP.prd,Timber & joinery,Door canopies,TPW0002702
https://www.trade-point.co.uk/departments/goodhome-white-wall-ceiling-primer-undercoat-10l/5036581057077_TP.prd,Painting & decorating,Primers & undercoat,TPW2023259
https://www.trade-point.co.uk/departments/mk-white-1-gang-master-telephone-socket/53994_TP.prd,Electrical & security,Telephones & accessories,TPW0002144
https://www.trade-point.co.uk/departments/erbauer-8-piece-reciprocating-saw-blade-s1531l-s644d-s922hf-s922ef/905082_TP.prd,Tools & equipment,Power tool accessories,TPW589073
https://www.trade-point.co.uk/departments/diall-m8-hex-carbon-steel-grade-5-8-bolt-nut-l-100mm-pack-of-10/3663602739449_TP.prd,Hardware,"Bolts, nuts & washers",TPW1497091
https://www.trade-point.co.uk/departments/klikstrom-lemhi-green-pine-deck-board-l-4-8m-w-144mm-t-27mm/5036581094553_TP.prd,Outdoor & garden,Decking,TPW581229
https://www.trade-point.co.uk/departments/dewalt-black-knee-pads-one-size-dwc5224-pair-of-2/1766603_TP.prd,Tools & equipment,Safety & workwear,TPW0003127
https://www.trade-point.co.uk/departments/inlight-dione-ceramic-matt-pink-table-light/5020024408038_TP.prd,Lighting,Indoor lights,TPW579451
https://www.trade-point.co.uk/departments/scruffs-scarfell-men-s-black-safety-boots-size-8/5056122014420_TP.prd,Tools & equipment,Safety & workwear,TPW638868
https://www.trade-point.co.uk/departments/blooma-steel-post-support-l-90mm-w-90mm/1628532_TP.prd,Outdoor & garden,Fencing,TPW585883
https://www.trade-point.co.uk/departments/magnusson-adjustable-high-carbon-steel-plastic-0-21m-x-68mm/5059340086187_TP.prd,Outdoor & garden,Garden hand tools & equipment,TPW780439
https://www.trade-point.co.uk/departments/forest-garden-diamond-european-softwood-trellis-panel-w-32cm-x-h-183cm/5013053173459_TP.prd,Outdoor & garden,Fencing,TPW1586248
https://www.trade-point.co.uk/departments/magnusson-4-piece-spirit-level-set/1763742_TP.prd,Tools & equipment,Hand tools,TPW623236
https://www.trade-point.co.uk/departments/be-modern-attley-stone-oak-effect-fire-surround-set-with-lights-included/5030478715545_TP.prd,"Heating, plumbing & cooling","Fires, stoves & electric heating",TPW1652542
https://www.trade-point.co.uk/departments/brabantia-silver-effect-rotary-airer-60m/208429_TP.prd,"Home, furniture & storage",Home furnishings,TPW2023301
https://www.trade-point.co.uk/departments/glend-grey-plain-woven-blackout-thermal-eyelet-curtain-w-117cm-l-137cm-pair/5059340437255_TP.prd,"Home, furniture & storage",Home furnishings,TPW1326509
https://www.trade-point.co.uk/departments/verve-nurgul-peyote-polypropylene-pp-circular-plant-pot-dia-58cm/5059340328621_TP.prd,Outdoor & garden,Lawn & plant care,TPW0002104
https://www.trade-point.co.uk/departments/shire-elveden-apex-tongue-groove-wooden-cabin-with-felt-tile-roof-assembly-service-included/651599_TP.prd,Outdoor & garden,Garden buildings,TPW585828
https://www.trade-point.co.uk/departments/grohe-even-dual-flushing-plate-h-156mm-w-197mm/4005176914539_TP.prd,"Heating, plumbing & cooling",Plumbing,TPW0002052
https://www.trade-point.co.uk/departments/dartmoor-oak-effect-laminate-flooring-1-48m-/5013599012878_TP.prd,Flooring & tiling,Flooring & underlay,TPW566433
https://www.trade-point.co.uk/departments/stanley-140mm-zinc-alloy-multicolour-foldable-retractable-knife/101473_TP.prd,Tools & equipment,Hand tools,TPW2023207
https://www.trade-point.co.uk/departments/glend-stainless-steel-effect-solar-powered-blue-led-decking-light-pack-of-2/5059340323145_TP.prd,Lighting,Outdoor lights,TPW0003397
https://www.trade-point.co.uk/departments/forest-garden-xtend-8x9-ft-1-window-pent-garden-office-assembly-service-included/5013053183564_TP.prd,Outdoor & garden,Garden buildings,TPW0002025
https://www.trade-point.co.uk/departments/goodhome-moorea-grey-metal-armchair/5059340347349_TP.prd,Outdoor & garden,Garden furniture,TPW0001998
https://www.trade-point.co.uk/departments/slemcka-traditional-antique-brass-effect-steel-log-basket-h-290mm-d-330mm/5015772181623_TP.prd,"Heating, plumbing & cooling","Fires, stoves & electric heating",TPW1652462
https://www.trade-point.co.uk/departments/flomasta-polished-angled-thermostatic-radiator-valve-dia-15mm-x-/5063022024749_TP.prd,"Heating, plumbing & cooling",Central heating,TPW0997092
https://www.trade-point.co.uk/departments/diall-black-cable-tie-l-450mm-pack-of-25/3663602792499_TP.prd,Electrical & security,Wiring,TPW579389
https://www.trade-point.co.uk/departments/varnished-hot-rolled-steel-twisted-round-bar-l-2m-dia-8mm/254218_TP.prd,Hardware,Builder's metalwork,TPW0002253
https://www.trade-point.co.uk/departments/pine-torus-skirting-board-l-2-4m-w-169mm-t-15mm-pack-of-4/1168965_TP.prd,Timber & joinery,Wood trims,TPW0002677
https://www.trade-point.co.uk/departments/goodhome-koros-steel-4-hook-rail-l-257mm-h-40mm/3663602674078_TP.prd,Hardware,Hooks,TPW580649
https://www.trade-point.co.uk/departments/thistle-multifinish-plaster-25kg-bag/35812_TP.prd,Building supplies,Plastering supplies,TPW763134
https://www.trade-point.co.uk/departments/laura-ashley-charcoal-mr-jones-glass-self-adhesive-bathroom-splashback-h-25cm-w-60cm/5060729156001_TP.prd,Bathroom,Bathroom worktops,TPW0003379
https://www.trade-point.co.uk/departments/ronseal-diamond-hard-floor-varnish-medium-oak-satin-wood-floor-varnish-2-5l/128310_TP.prd,Painting & decorating,Woodcare,TPW2023261
https://www.trade-point.co.uk/departments/goodhome-chrome-profile-double-2-way-400w-screwless-dimmer-switch/5059340132822_TP.prd,Electrical & security,Switches & sockets,TPW579421
https://www.trade-point.co.uk/departments/beige-felt-protection-pad-dia-50mm-pack-of-4/1725346_TP.prd,Hardware,Furniture hardware,TPW1497014
https://www.trade-point.co.uk/departments/resolva-power-pump-xpress-weed-killer-5l/5023377009204_TP.prd,Outdoor & garden,Lawn & plant care,TPW1027103
https://www.trade-point.co.uk/departments/diall-m5-carbon-steel-hex-nut-pack-of-20/3663602744542_TP.prd,Hardware,"Bolts, nuts & washers",TPW580727
https://www.trade-point.co.uk/departments/diall-white-self-adhesive-draught-seal-l-24m-w-9mm-t-5-5mm/1802897_TP.prd,Hardware,Door furniture,TPW0002261
https://www.trade-point.co.uk/departments/goodhome-kora-anthracite-integrated-kitchen-pull-out-bin-13l/3663602633563_TP.prd,"Home, furniture & storage",Home furnishings,TPW1726763
https://www.trade-point.co.uk/departments/jazy-rustic-polyvinyl-chloride-pvc-wood-effect-click-vinyl-flooring-sample/5059340234939_TP.prd,Flooring & tiling,Flooring & underlay,TPW566454
https://www.trade-point.co.uk/departments/cooke-lewis-shira-black-bar-stool/3663602497165_TP.prd,"Home, furniture & storage",Furniture,TPW2023246
https://www.trade-point.co.uk/departments/ct1-sealant-adhesive-tribrid-clear-multi-purpose-sealant-290ml/5060209632155_TP.prd,Painting & decorating,Decorating tools & supplies,TPW1625674
https://www.trade-point.co.uk/departments/canadian-spa-company-cambridge-6-person-hot-tub/5056374203948_TP.prd,Outdoor & garden,Garden furniture,TPW0002004
https://www.trade-point.co.uk/departments/goodhome-atomia-matt-white-slab-external-drawer-h-184-5mm-w-497mm-d-500mm-set-of-2/5036581054762_TP.prd,"Home, furniture & storage",Furniture,TPW0000425
https://www.trade-point.co.uk/departments/plumbsure-rubber-ball-valve-washer-d-30mm-pack-of-2/196362_TP.prd,"Heating, plumbing & cooling",Plumbing,TPW0997110
https://www.trade-point.co.uk/departments/spruce-tongue-groove-cladding-l-2-4m-w-95mm-t-7-5mm-pack-of-5/258055_TP.prd,Timber & joinery,Cladding,TPW0002692
https://www.trade-point.co.uk/departments/goodhome-mallorca-3-46m-steel-grey-overhanging-parasol/5059340125893_TP.prd,Outdoor & garden,Garden furniture,TPW0001987
https://www.trade-point.co.uk/departments/goodhome-satin-copper-effect-under-worktop-inner-corner/5059340243535_TP.prd,Kitchen,Kitchen cabinets,TPW0002816
https://www.trade-point.co.uk/departments/ryobi-rac124-trimmer-line/4892210813473_TP.prd,Outdoor & garden,Garden power tools,TPW0998444
https://www.trade-point.co.uk/departments/yale-keyless-polished-chrome-effect-smart-digital-door-lock/1429976_TP.prd,Hardware,Locks & padlocks,TPW580650
https://www.trade-point.co.uk/departments/universal-40-piece-multi-purpose-drill-bit-set/1728224_TP.prd,Tools & equipment,Power tool accessories,TPW588902
https://www.trade-point.co.uk/departments/verve-ammer-dark-grey-fibreclay-circular-plant-pot-dia-28cm/5059340327662_TP.prd,Outdoor & garden,Lawn & plant care,TPW581155
https://www.trade-point.co.uk/departments/black-plastic-insert-cap-w-28mm-pack-of-4/1725429_TP.prd,Hardware,Furniture hardware,TPW580671
https://www.trade-point.co.uk/departments/rawlplug-multicolour-plastic-wall-plug-pack-of-144/5906675333939_TP.prd,Hardware,Fixings & plugs,TPW580653
https://www.trade-point.co.uk/departments/hozelock-black-polyester-pes-fish-net-l-1-2m/1938095_TP.prd,Animal & pet care,Fish supplies,TPW0003253
https://www.trade-point.co.uk/departments/goodhome-balsamita-matt-white-slab-base-kitchen-cabinet-w-1000mm-h-720mm/5059340702193_TP.prd,Kitchen,Kitchen cabinets,TPW0002245
https://www.trade-point.co.uk/departments/erbauer-40t-circular-saw-blade-dia-165mm/1733963_TP.prd,Tools & equipment,Power tool accessories,TPW589067
https://www.trade-point.co.uk/departments/vitrex-trowel-plastic-adhesive-trowel-l-277mm-x-w-115mm/5011204608713_TP.prd,Tools & equipment,Hand tools,TPW2023226
https://www.trade-point.co.uk/departments/cooke-lewis-arber-black-composite-quartz-1-5-bowl-sink-drainer-500mm-x-900mm/1340961_TP.prd,Kitchen,Kitchen sinks,TPW824295
https://www.trade-point.co.uk/departments/form-twinny-white-steel-twin-slot-bracket-h-40mm-l-180mm/3663602766599_TP.prd,"Home, furniture & storage",Storage & shelving,TPW0003167
https://www.trade-point.co.uk/departments/mercia-7x5-snowdrop-shiplap-wooden-playhouse/1305941_TP.prd,Sport & leisure,Outdoor play,TPW0002939
https://www.trade-point.co.uk/departments/thistle-multifinish-plaster-25kg-bag/35812_TP.prd,Building supplies,Plastering supplies,TPW570175
https://www.trade-point.co.uk/departments/zinc-plated-mild-steel-corner-bracket-h-1-5mm-w-76-5mm-l-75mm-pack-of-4/243291_TP.prd,Hardware,Brackets,TPW580647
https://www.trade-point.co.uk/departments/colours-vinyl-rolls-light-grey-wood-effect-sheet-vinyl-6m-/5059340259284_TP.prd,Flooring & tiling,Flooring & underlay,TPW566439
https://www.trade-point.co.uk/departments/diall-blue-bungee-cord-with-hooks-l-1m-pack-of-2/1536340_TP.prd,Hardware,"Ropes, bungees, straps & chains",TPW580740
https://www.trade-point.co.uk/departments/goodhome-stevia-gloss-cream-slab-highline-cabinet-door-w-500mm-h-715mm-t-18mm/3663602647799_TP.prd,Kitchen,Kitchen cabinets,TPW824280
https://www.trade-point.co.uk/departments/dewalt-dwht14675-0-300mm-aviation-snips/3253560146757_TP.prd,Tools & equipment,Hand tools,TPW623160
https://www.trade-point.co.uk/departments/prysmian-grey-twin-earth-cable-2-5mm-x-100m/33833_TP.prd,Electrical & security,Wiring,TPW579382
https://www.trade-point.co.uk/departments/cosco-foldable-hand-truck-350kg-capacity/1409127_TP.prd,Tools & equipment,Site equipment,TPW638641
https://www.trade-point.co.uk/departments/blooma-moses-dark-grey-rectangular-gazebo-tent-h-2-33m-w-4m-d-3m/3663602419129_TP.prd,Outdoor & garden,"Arches, arbours & pergolas",TPW581237
https://www.trade-point.co.uk/departments/seponi-ready-assembled-matt-walnut-effect-folding-desk-h-750mm-w-800mm-d-450mm/5059340160832_TP.prd,"Home, furniture & storage",Furniture,TPW0000420
https://www.trade-point.co.uk/departments/cooke-lewis-santoro-white-close-coupled-toilet-with-soft-close-seat/909265_TP.prd,Bathroom,Toilets,TPW822164
https://www.trade-point.co.uk/departments/solder-ring-90-pipe-elbow-dia-28mm-28mm/239968_TP.prd,"Heating, plumbing & cooling",Plumbing,TPW1655187
https://www.trade-point.co.uk/departments/diall-wire-staples-h-25mm-dia-2-7mm-1000g-pack/3663602743743_TP.prd,Hardware,"Pins, rivets & staples",TPW580720
https://www.trade-point.co.uk/departments/goodhome-koros-stainless-steel-chrome-effect-toilet-brush-holder/5059340203515_TP.prd,Bathroom,Bathroom accessories,TPW822398
https://www.trade-point.co.uk/departments/deadfast-rodents-plus-rodenticide-pack-of-15/5023377005572_TP.prd,Outdoor & garden,Lawn & plant care,TPW581125
https://www.trade-point.co.uk/departments/goodhome-algiata-beige-marble-effect-laminate-upstand-l-3000mm/3663602482635_TP.prd,Kitchen,Kitchen worktops,TPW0002815
https://www.trade-point.co.uk/departments/magnusson-2-piece-socket-extension-bar-set/1785880_TP.prd,Tools & equipment,Hand tools,TPW636219
https://www.trade-point.co.uk/departments/umatilla-beige-black-rattan-effect-solar-powered-integrated-led-outdoor-lantern/5059340331294_TP.prd,Lighting,Outdoor lights,TPW780135
https://www.trade-point.co.uk/departments/hozelock-hose-pipe-set-l-40m/1556412_TP.prd,Outdoor & garden,Watering,TPW581030
https://www.trade-point.co.uk/departments/goodhome-glomma-white-thermoplastic-elastomer-tpe-anti-slip-bath-shower-mat-l-370mm-w-685mm/5059340217499_TP.prd,Bathroom,Bathroom accessories,TPW822389
https://www.trade-point.co.uk/departments/white-carbon-steel-magnetic-cabinet-catch-pack-of-12/243401_TP.prd,Hardware,Furniture hardware,TPW580672
https://www.trade-point.co.uk/departments/matt-oak-effect-plain-single-picture-frame-h-20-6cm-x-w-15-6cm/5059340475035_TP.prd,"Home, furniture & storage",Home furnishings,TPW580883
https://www.trade-point.co.uk/departments/primed-white-mdf-bullnose-architrave-l-2-1m-w-44mm-t-14-5mm-pack-of-5/1168957_TP.prd,Timber & joinery,Wood trims,TPW0002682
https://www.trade-point.co.uk/departments/diall-galvanised-zinc-plated-steel-spring-snap-hook-l-100mm/1520590_TP.prd,Hardware,Rope connections,TPW0002298
https://www.trade-point.co.uk/departments/time-rg6-black-shotgun-cable-50m/5055268786680_TP.prd,Electrical & security,"Tv, audio & networking",TPW0002212
https://www.trade-point.co.uk/departments/metsa-wood-whitewood-spruce-internal-door-lining-set-h-210cm-x-w-10-8cm/27377_TP.prd,Timber & joinery,Door fittings,TPW0002697
https://www.trade-point.co.uk/departments/goodhome-atomia-freestanding-white-oak-effect-large-under-the-stairs-storage-kit-h-1500mm/5059340103570_TP.prd,"Home, furniture & storage",Furniture,TPW0000422
https://www.trade-point.co.uk/departments/philips-wiz-e27-60w-led-cool-white-warm-white-a60-dimmable-filament-smart-light-bulb/8719514371989_TP.prd,Lighting,Light bulbs,TPW780138
https://www.trade-point.co.uk/departments/hotpoint-h2d71wuk-wh-7kg-freestanding-condenser-tumble-dryer-white/5054645631001_TP.prd,Kitchen,Kitchen appliances,TPW824245
https://www.trade-point.co.uk/departments/terrastyle-white-yellow-black-resin-duckling-garden-ornament-h-14-8cm/5021346522365_TP.prd,Outdoor & garden,Garden furniture,TPW0997032
https://www.trade-point.co.uk/departments/dartmoor-oak-effect-laminate-flooring-1-48m-/5013599012878_TP.prd,Flooring & tiling,Flooring & underlay,TPW843065
https://www.trade-point.co.uk/departments/ronseal-high-performance-white-ready-mixed-wood-filler-0-55kg/36104_TP.prd,Painting & decorating,Decorating tools & supplies,TPW2023275
https://www.trade-point.co.uk/departments/barcau-blue-pot-saucer-dia-30cm/5059340327563_TP.prd,Outdoor & garden,Lawn & plant care,TPW0002105
https://www.trade-point.co.uk/departments/pegler-yorkshire-tectite-push-fit-equal-pipe-tee-dia-15mm-x-15mm-x-15mm/5022050670694_TP.prd,"Heating, plumbing & cooling",Plumbing,TPW1655197
https://www.trade-point.co.uk/departments/elements-contemporary-black-metal-landing-baluster-h-855mm-w-14mm-pack-of-3/5000473059678_TP.prd,Timber & joinery,Stairs & stair parts,TPW0002631
https://www.trade-point.co.uk/departments/goodhome-valgreta-deep-navy-square-indoor-cushion-l-43cm-x-w-430cm/5059340444796_TP.prd,"Home, furniture & storage",Home furnishings,TPW1726700
https://www.trade-point.co.uk/departments/floplast-ring-seal-soil-black-single-socket-soil-pipe-dia-110mm-l-3000mm/80963_TP.prd,Building supplies,Drainage,TPW0002087
https://www.trade-point.co.uk/departments/laura-ashley-eglantine-blush-trail-smooth-wallpaper/5011583467604_TP.prd,Painting & decorating,Wallpaper & wall coverings,TPW0003402
https://www.trade-point.co.uk/departments/goodhome-elland-matt-black-steel-freestanding-towel-ladder-w-60cm/5059340107028_TP.prd,Bathroom,Bathroom accessories,TPW822386
https://www.trade-point.co.uk/departments/sika-black-tarmac-restorer-5l-plastic-jerry-can/5055492703019_TP.prd,"Home, furniture & storage",Home furnishings,TPW1728036
https://www.trade-point.co.uk/departments/silver-effect-aluminium-embossed-sheet-h-500mm-w-250mm-t-1-7mm-360g/84226_TP.prd,Hardware,Builder's metalwork,TPW765622
https://www.trade-point.co.uk/departments/astro-rust-abstract-rug-235cmx160cm/5021318020851_TP.prd,"Home, furniture & storage",Home furnishings,TPW581014
https://www.trade-point.co.uk/departments/kenver-dark-green-velvet-effect-relaxer-chair-h-895mm-w-720mm-d-735mm/5059340620589_TP.prd,"Home, furniture & storage",Furniture,TPW0003404
https://www.trade-point.co.uk/departments/klikstrom-lemhi-green-pine-deck-board-l-4-8m-w-144mm-t-27mm/5036581094553_TP.prd,Outdoor & garden,Decking,TPW585087
https://www.trade-point.co.uk/departments/form-valla-light-grey-sliding-wardrobe-door-h-2260mm-x-w-922mm/1797345_TP.prd,"Home, furniture & storage",Furniture,TPW0003239
https://www.trade-point.co.uk/departments/magnusson-manual-42mm-plastic-pipe-cutter/5059340003368_TP.prd,Tools & equipment,Hand tools,TPW2023208
https://www.trade-point.co.uk/departments/bradstone-peak-natural-reconstituted-stone-paving-slab-0-36m-l-600mm-w-600mm/65944_TP.prd,Outdoor & garden,Paving & walling,TPW592559
https://www.trade-point.co.uk/departments/cooke-lewis-onega-chrome-effect-frosted-walk-in-wet-room-glass-screen-bar-h-195cm-w-90cm/1620664_TP.prd,Bathroom,Wet rooms,TPW822128
https://www.trade-point.co.uk/departments/labgear-2-way-hdmi-splitter/5050171082232_TP.prd,Electrical & security,"Tv, audio & networking",TPW580636
https://www.trade-point.co.uk/departments/diall-universal-grey-multi-purpose-screw-wall-plug-dia-14mm-l-70mm-pack-of-2/1584981_TP.prd,Hardware,Fixings & plugs,TPW580738
https://www.trade-point.co.uk/departments/corelectric-grey-flat-1-5mm-not-self-adhesive-cable-clip-pack-of-100/178263_TP.prd,Electrical & security,Wiring,TPW579388
https://www.trade-point.co.uk/departments/goodhome-caraway-grey-oak-effect-wine-rack-h-720mm-w-150mm/3663602638216_TP.prd,Kitchen,Kitchen cabinets,TPW857674
https://www.trade-point.co.uk/departments/mk-13a-1-gang-raised-slim-profile-switched-fused-connection-unit-gloss-white/53991_TP.prd,Electrical & security,Switches & sockets,TPW0002150
https://www.trade-point.co.uk/departments/richard-burbidge-traditional-oak-rounded-handrail-l-3-6m-w-54mm/27260_TP.prd,Timber & joinery,Stairs & stair parts,TPW0002632
https://www.trade-point.co.uk/departments/evo-stik-wood-glue-exterior-adhesive-1l/36303_TP.prd,Painting & decorating,Decorating tools & supplies,TPW1625690
https://www.trade-point.co.uk/departments/diall-steel-wire-l-50m-dia-1-1mm/1521253_TP.prd,Outdoor & garden,Lawn & plant care,TPW581171
https://www.trade-point.co.uk/departments/erbauer-8-piece-vde-screwdriver-pliers-set/5059340338781_TP.prd,Tools & equipment,Hand tools,TPW623240
https://www.trade-point.co.uk/departments/cooke-lewis-santoro-white-rectangular-full-pedestal-basin-h-84cm-w-56cm/909266_TP.prd,Bathroom,Basins,TPW822156
https://www.trade-point.co.uk/departments/hozelock-hose-pipe-set-l-40m/1556412_TP.prd,Outdoor & garden,Watering,TPW581250
https://www.trade-point.co.uk/departments/goodhome-beloya-framed-transparent-silver-effect-quadrant-shower-enclosure-corner-entry-double-sliding-door-w-90cm-d-90cm/1620519_TP.prd,Bathroom,"Shower enclosures, doors & trays",TPW0003413
https://www.trade-point.co.uk/departments/master-lock-excell-heavy-duty-laminated-steel-long-shackle-padlock-w-45mm/1851201_TP.prd,Hardware,Locks & padlocks,TPW580699
https://www.trade-point.co.uk/departments/jg-speedfit-white-push-fit-equal-pipe-tee-dia-15mm-x-15mm-x-15mm-pack-of-5/34366_TP.prd,"Heating, plumbing & cooling",Plumbing,TPW1652469
https://www.trade-point.co.uk/departments/erbauer-t-shank-10-piece-jigsaw-blade-set/5059340332833_TP.prd,Tools & equipment,Power tool accessories,TPW589069
https://www.trade-point.co.uk/departments/flomasta-dual-flush-syphon-/3663602420392_TP.prd,"Heating, plumbing & cooling",Plumbing,TPW1652534
https://www.trade-point.co.uk/departments/spear-jackson-42265-hepa-3-speed-air-purifier-white/5025301422653_TP.prd,"Heating, plumbing & cooling",Air treatment,TPW0000363
https://www.trade-point.co.uk/departments/goodhome-stevia-garcinia-gloss-white-slab-standard-base-end-support-panel-h-870mm-w-590mm/3663602640219_TP.prd,Kitchen,Kitchen cabinets,TPW824282
https://www.trade-point.co.uk/departments/colorado-steel-grey-2-seater-swing-bench/5059340852225_TP.prd,Sport & leisure,Outdoor play,TPW0002871
https://www.trade-point.co.uk/departments/goodhome-hamilton-grey-rectangular-dining-set-cover-80cm-h-209cm-w-209cm-l-/5059340881317_TP.prd,Outdoor & garden,Garden furniture,TPW0001969
https://www.trade-point.co.uk/departments/goodhome-lybia-satin-brass-effect-wired-wall-light/5063022031112_TP.prd,Lighting,Indoor lights,TPW579463
https://www.trade-point.co.uk/departments/magnusson-brick-plastering-trowel-pack-of-4-w-310mm-l-405mm/5059340235219_TP.prd,Tools & equipment,Hand tools,TPW623128
https://www.trade-point.co.uk/departments/mira-digital-chrome-effect-rear-fed-high-pressure-digital-exposed-valve-adjustable-hp-combi-shower/5013181124392_TP.prd,Bathroom,Showers,TPW1281869
https://www.trade-point.co.uk/departments/verve-peat-free-multi-purpose-compost-50l/5063022070326_TP.prd,Outdoor & garden,Lawn & plant care,TPW0002103
https://www.trade-point.co.uk/departments/blyss-moisture-trap-refills-pack-of-2/3663602565017_TP.prd,"Heating, plumbing & cooling",Air treatment,TPW1652327
https://www.trade-point.co.uk/departments/curver-my-style-grey-plastic-laundry-basket-47l/3253920745200_TP.prd,"Home, furniture & storage",Home furnishings,TPW2023304
https://www.trade-point.co.uk/departments/google-nest-battery-powered-smoke-carbon-monoxide-alarm/1204601_TP.prd,Electrical & security,Home security & safety,TPW580611
https://www.trade-point.co.uk/departments/duo-weave-black-white-geometric-reversible-indoor-outdoor-runner-180cmx70cm/5060827255927_TP.prd,"Home, furniture & storage",Home furnishings,TPW581015
https://www.trade-point.co.uk/departments/goodhome-tiga-sand-peyote-plain-outdoor-sunlounger-cushion-l-190cm-x-w-55cm/5059340675954_TP.prd,"Home, furniture & storage",Home furnishings,TPW2023236
https://www.trade-point.co.uk/departments/luceco-eco-silver-chrome-effect-fixed-led-fire-rated-cool-white-downlight-5w-ip65/5015056595504_TP.prd,Lighting,Indoor lights,TPW1230331
https://www.trade-point.co.uk/departments/keter-store-it-out-midi-beige-brown-wood-effect-plastic-garden-storage-box-880l/7290112634276_TP.prd,Outdoor & garden,Garden storage,TPW585875
https://www.trade-point.co.uk/departments/sankey-lazio-pewter-plastic-rectangular-trough-h-33cm-x-w-70cm-h-33cm-w-70cm/5021711043907_TP.prd,Outdoor & garden,Lawn & plant care,TPW0002106
https://www.trade-point.co.uk/departments/floplast-underground-drainage-rectangular-hopper-grid-dia-150mm/80946_TP.prd,Building supplies,Drainage,TPW0002086
https://www.trade-point.co.uk/departments/harris-revive-polyester-9-medium-pile-roller-set-6-pieces/5056287406016_TP.prd,Painting & decorating,Decorating tools & supplies,TPW2023268
https://www.trade-point.co.uk/departments/ring-pro-1080p-floodlight-camera-white/0840080587387_TP.prd,Electrical & security,Home security & safety,TPW580617
https://www.trade-point.co.uk/departments/site-anthracite-aluminium-lead-tile-flashing-l-0-98m-w-0-78m/3663602628934_TP.prd,Building supplies,Roofing supplies,TPW763205
https://www.trade-point.co.uk/departments/verve-dark-brown-bark-chippings-large-100l-bag/1586186_TP.prd,Outdoor & garden,Lawn & plant care,TPW780358
https://www.trade-point.co.uk/departments/goodhome-koros-black-steel-1-tier-shower-basket-w-21-5cm/5059340060255_TP.prd,Bathroom,Bathroom accessories,TPW822397
https://www.trade-point.co.uk/departments/colours-esmo-brushed-chrome-effect-mains-powered-led-neutral-white-under-cabinet-light-ip20-w-24mm-pack-of-3/5059340233567_TP.prd,Lighting,Indoor lights,TPW579450
https://www.trade-point.co.uk/departments/grandeco-yellow-animal-smooth-wallpaper/5411012466015_TP.prd,Painting & decorating,Wallpaper & wall coverings,TPW1624651
https://www.trade-point.co.uk/departments/erbauer-lewo-3000-li-240v-30w-cordless-integrated-led-rechargeable-work-light-3000lm/5059340240725_TP.prd,Lighting,Torches & worklights,TPW638761
https://www.trade-point.co.uk/departments/carlube-diesel-adblue-10l/5010373043264_TP.prd,Tools & equipment,Automotive,TPW589080
https://www.trade-point.co.uk/departments/goodhome-black-solar-powered-cold-white-integrated-led-floodlight-150lm/5059340231426_TP.prd,Lighting,Outdoor lights,TPW579496
https://www.trade-point.co.uk/departments/polished-chrome-effect-zamak-round-internal-door-knob-dia-54mm-pack-of-3/247039_TP.prd,Hardware,Handles & knobs,TPW0002274
https://www.trade-point.co.uk/departments/goodhome-khara-nickel-effect-kitchen-cabinets-handle-l-18-8cm/5063022012500_TP.prd,Hardware,Handles & knobs,TPW580659
https://www.trade-point.co.uk/departments/beko-bcfd473-70-30-integrated-frost-free-fridge-freezer/8690842609145_TP.prd,Kitchen,Kitchen appliances,TPW824234
https://www.trade-point.co.uk/departments/masterplug-2-socket-13a-grey-green-extension-lead-with-rcd-10m/5015056661964_TP.prd,Electrical & security,"Extension leads, plugs, fuses & adaptors",TPW580606
https://www.trade-point.co.uk/departments/flomasta-compression-lever-valve-dia-15mm/5059340261218_TP.prd,"Heating, plumbing & cooling",Plumbing,TPW0002075
https://www.trade-point.co.uk/departments/diall-galvanised-zinc-plated-steel-spring-snap-hook-l-100mm/1520590_TP.prd,Hardware,Rope connections,TPW0002294
https://www.trade-point.co.uk/departments/goldscrew-pz-flat-countersunk-yellow-passivated-carbon-steel-screw-dia-5mm-l-60mm-pack-of-100/28663_TP.prd,Hardware,Screws,TPW580655
https://www.trade-point.co.uk/departments/talon-polypropylene-pipe-clip-dia-15mm-pack-of-10/5060002357156_TP.prd,"Heating, plumbing & cooling",Plumbing,TPW1655191
https://www.trade-point.co.uk/departments/ryobi-rac124-trimmer-line/4892210813473_TP.prd,Outdoor & garden,Garden power tools,TPW0998448
https://www.trade-point.co.uk/departments/dewalt-brooklyn-black-men-s-knitted-jacket-medium/5055160065357_TP.prd,Tools & equipment,Safety & workwear,TPW638900
https://www.trade-point.co.uk/departments/peckish-sunflower-heart-bird-feeder/5030872000599_TP.prd,Animal & pet care,Bird & wildlife supplies,TPW0003302
https://www.trade-point.co.uk/departments/standard-straight-grass-hedges-shrubs-shears/5059340150772_TP.prd,Outdoor & garden,Garden hand tools & equipment,TPW0002118
https://www.trade-point.co.uk/departments/goodhome-datil-chrome-effect-non-magnetic-steel-wall-organiser-shelving/3663602633075_TP.prd,"Home, furniture & storage",Storage & shelving,TPW2023250
https://www.trade-point.co.uk/departments/andino-light-oak-effect-rectangular-wall-mounted-framed-mirror-h-103cm-w-73cm/5023076025888_TP.prd,"Home, furniture & storage",Home furnishings,TPW580871
https://www.trade-point.co.uk/departments/mira-response-white-4-spray-pattern-shower-head-230mm/38686_TP.prd,Bathroom,Showers,TPW822123
https://www.trade-point.co.uk/departments/palram-canopia-harmony-green-6x8-greenhouse/212805_TP.prd,Outdoor & garden,Greenhouses & growhouses,TPW585834
https://www.trade-point.co.uk/departments/byron-white-wireless-door-chime-kit-with-transformer-not-required-dby-22312bs-kf/8712836977532_TP.prd,Electrical & security,Door bells & intercoms,TPW579332
https://www.trade-point.co.uk/departments/smart-garden-festoon-solar-powered-20-led-outdoor-string-lights-pack-of-1/5050642088503_TP.prd,Lighting,Outdoor lights,TPW579492
https://www.trade-point.co.uk/departments/sophia-leaves-green-white-double-duvet-cover-pillow-case-set/5059340446509_TP.prd,"Home, furniture & storage",Home furnishings,TPW822488
https://www.trade-point.co.uk/departments/goodhome-ghlac12-rmk-12000btu-freestanding-smart-air-conditioner/5059340831565_TP.prd,"Heating, plumbing & cooling",Air treatment,TPW1652289
https://www.trade-point.co.uk/departments/magnusson-920mm-spreader-clamp/1797826_TP.prd,Tools & equipment,Hand tools,TPW636256
https://www.trade-point.co.uk/departments/white-semi-edged-melamine-faced-chipboard-mfc-furniture-board-l-2-5m-w-600mm-t-18mm/3663602873570_TP.prd,Timber & joinery,Furniture boards,TPW0002683
https://www.trade-point.co.uk/departments/goodhome-cavally-medium-gloss-chrome-effect-round-deck-mounted-manual-basin-mono-mixer-tap/5059340185552_TP.prd,Bathroom,Bathroom taps,TPW822177
https://www.trade-point.co.uk/departments/goodhome-etel-gloss-chrome-wall-mounted-manual-double-bath-pillar-tap/3663602665090_TP.prd,Bathroom,Bathroom taps,TPW1374375
https://www.trade-point.co.uk/departments/mk-pvc-25mm-black-spacer-bar-saddles-pack-of-2/109172_TP.prd,Electrical & security,Wiring,TPW579391
https://www.trade-point.co.uk/departments/gosystem-autostart-blow-torch-at2071h/30062_TP.prd,Tools & equipment,Hand tools,TPW623196
https://www.trade-point.co.uk/departments/goodhome-cavally-medium-gloss-chrome-effect-round-deck-mounted-manual-basin-mono-mixer-tap/5059340185552_TP.prd,Bathroom,Bathroom taps,TPW822176
https://www.trade-point.co.uk/departments/goodhome-antiki-gold-effect-metal-cap-curtain-pole-finial-dia-28mm/3663602453925_TP.prd,"Home, furniture & storage",Home furnishings,TPW2023166
https://www.trade-point.co.uk/departments/tristar-black-extension-lead-with-usb-3m/571387_TP.prd,Electrical & security,"Extension leads, plugs, fuses & adaptors",TPW579342
https://www.trade-point.co.uk/departments/universal-fit-120-grit-sanding-disc-dia-125mm-pack-of-5/3663602448297_TP.prd,Tools & equipment,Power tool accessories,TPW589044
https://www.trade-point.co.uk/departments/goodhome-imandra-gloss-white-double-bathroom-wall-cabinet-h-60cm-w-60cm/1665505_TP.prd,Bathroom,Bathroom furniture,TPW1007636
https://www.trade-point.co.uk/departments/walsall-pneumatic-wheel-dia-350mm-w-100mm/1790326_TP.prd,Hardware,Furniture hardware,TPW1496966
https://www.trade-point.co.uk/departments/dewalt-18v-1-x-2-li-ion-brushed-cordless-combi-drill-dcd776d1t-gb/5035048741382_TP.prd,Tools & equipment,Power tools,TPW637289
https://www.trade-point.co.uk/departments/candy-cbw-48d1w4-80-8kg-built-in-1400rpm-washing-machine-white/8059019066950_TP.prd,Kitchen,Kitchen appliances,TPW824247
https://www.trade-point.co.uk/departments/goodhome-fu026-natural-wood-effect-scotia-trim-220cm/5063022113382_TP.prd,Flooring & tiling,Flooring supplies,TPW566469
https://www.trade-point.co.uk/departments/blooma-intruder-excluder/1624023_TP.prd,Outdoor & garden,Lawn & plant care,TPW581121
https://www.trade-point.co.uk/departments/dewalt-atlanta-grey-t-shirt-large/5055160059677_TP.prd,Tools & equipment,Safety & workwear,TPW638894
https://www.trade-point.co.uk/departments/goodhome-atomia-freestanding-grey-oak-effect-large-3-cabinet-wardrobe-clothing-shoes-organiser/5059340102252_TP.prd,"Home, furniture & storage",Furniture,TPW0000412
https://www.trade-point.co.uk/departments/mac-allister-black-blue-foldable-platform-trolley-300kg-capacity/1357680_TP.prd,Tools & equipment,Site equipment,TPW0003407
https://www.trade-point.co.uk/departments/peckish-winter-warmer-wild-bird-feed-12-75kg/5060235442254_TP.prd,Animal & pet care,Bird & wildlife supplies,TPW0003358
https://www.trade-point.co.uk/departments/forest-garden-oakley-10x8-ft-with-double-door-6-windows-apex-solid-wood-summer-house/5013053188781_TP.prd,Outdoor & garden,Garden buildings,TPW585829
https://www.trade-point.co.uk/departments/zero-in-ultra-power-xl-outdoor-fly-trap/5036200345455_TP.prd,Outdoor & garden,Lawn & plant care,TPW581133
https://www.trade-point.co.uk/departments/flamboya-tree-wind-spinner-30cm/5050642028479_TP.prd,Outdoor & garden,Garden furniture,TPW0001995
https://www.trade-point.co.uk/departments/belle-550w-230v-cement-mixer-136l-minimix-150-mpcm370/35588_TP.prd,Tools & equipment,Site equipment,TPW638622
https://www.trade-point.co.uk/departments/b-q-chrome-effect-metal-tubular-mortice-latch-l-64mm-pack-of-3/171956_TP.prd,Hardware,Locks & padlocks,TPW0002289
https://www.trade-point.co.uk/departments/mitec-usb-c-usb-c-non-biodegradable-charging-cable-1m-black/5060745410699_TP.prd,Electrical & security,Telephones & accessories,TPW579318
https://www.trade-point.co.uk/departments/dewalt-claw-hammer-16oz/3253560510039_TP.prd,Tools & equipment,Hand tools,TPW2023215
https://www.trade-point.co.uk/departments/varta-longlife-power-1-5v-aaa-battery-pack-of-24/1519152_TP.prd,Electrical & security,Batteries & charging,TPW579297
https://www.trade-point.co.uk/departments/metsa-wood-smooth-planed-round-edge-untreated-whitewood-spruce-cls-timber-l-2-4m-w-63mm-t-38mm-clsu02/1798294_TP.prd,Timber & joinery,Timber,TPW0002690
https://www.trade-point.co.uk/departments/goodhome-38mm-kabsa-matt-wood-effect-laminate-particle-board-post-formed-kitchen-worktop-l-3000mm/3663602633952_TP.prd,Kitchen,Kitchen worktops,TPW824272
https://www.trade-point.co.uk/departments/fatmax-deep-pro-black-yellow-organiser/162730_TP.prd,Tools & equipment,Tool storage,TPW638753
https://www.trade-point.co.uk/departments/manrose-white-round-fixed-louvre-vent-v41020-w-100mm-dia-100mm/257775_TP.prd,Building supplies,Ventilation,TPW570333
https://www.trade-point.co.uk/departments/m4-zinc-medium-galvanised-penny-washer-dia-36mm-pack-of-100/0716053615077_TP.prd,Hardware,"Bolts, nuts & washers",TPW580730
https://www.trade-point.co.uk/departments/lay-z-spa-st-lucia-3-person-inflatable-hot-tub/6942138982688_TP.prd,Outdoor & garden,Garden furniture,TPW0997034
https://www.trade-point.co.uk/departments/minky-silver-effect-3-tier-laundry-airer-15m/332166_TP.prd,"Home, furniture & storage",Home furnishings,TPW2023300
https://www.trade-point.co.uk/departments/goodhome-limski-white-rectangular-centre-drain-shower-tray-l-1600mm-w-700mm/5059340902784_TP.prd,Bathroom,"Shower enclosures, doors & trays",TPW2023159
https://www.trade-point.co.uk/departments/peckish-sunflower-heart-bird-feeder/5030872000599_TP.prd,Animal & pet care,Bird & wildlife supplies,TPW0003354
https://www.trade-point.co.uk/departments/erbauer-plunge-cutting-blade-dia-32mm-mlt31958/1738287_TP.prd,Tools & equipment,Power tool accessories,TPW589028
https://www.trade-point.co.uk/departments/bestway-family-lounge-pool-w-2-01m-x-l-3m/6941607327999_TP.prd,Outdoor & garden,Garden furniture,TPW0002009
https://www.trade-point.co.uk/departments/goodhome-atomia-freestanding-white-oak-effect-bedroom-storage-unit-h-2250mm-w-3000mm-d-580mm/5059340103501_TP.prd,"Home, furniture & storage",Furniture,TPW0003243
https://www.trade-point.co.uk/departments/mac-allister-240v-2000w-4l-wallpaper-stripper-mwps2000/5059340043272_TP.prd,Painting & decorating,Decorating tools & supplies,TPW2023286
https://www.trade-point.co.uk/departments/yale-keyless-polished-chrome-effect-smart-digital-door-lock/1429976_TP.prd,Hardware,Locks & padlocks,TPW580691
https://www.trade-point.co.uk/departments/blooma-13x13mm-galvanised-steel-wire-mesh-roll-l-5m-h-1m/3663602731221_TP.prd,Outdoor & garden,Fencing,TPW1097553
https://www.trade-point.co.uk/departments/focal-point-weybourne-1850w-matt-sage-grey-electric-stove/5023539026469_TP.prd,"Heating, plumbing & cooling","Fires, stoves & electric heating",TPW1652461
https://www.trade-point.co.uk/departments/goodhome-atomia-matt-white-non-mirrored-modular-furniture-door-h-2247mm-w-497mm/5059340008752_TP.prd,"Home, furniture & storage",Furniture,TPW0000423
https://www.trade-point.co.uk/departments/goodhome-caraway-white-base-unit-w-1000mm/3663602637479_TP.prd,Kitchen,Kitchen cabinets,TPW824279
https://www.trade-point.co.uk/departments/astro-rust-abstract-rug-235cmx160cm/5021318020851_TP.prd,"Home, furniture & storage",Home furnishings,TPW581009
https://www.trade-point.co.uk/departments/d-c-fix-marble-matt-white-self-adhesive-film-l-2m-w-675mm/4007386349521_TP.prd,Painting & decorating,Wallpaper & wall coverings,TPW0000365
https://www.trade-point.co.uk/departments/goodhome-koros-midnight-blue-plain-shower-curtain-w-180cm/5059340201450_TP.prd,Bathroom,Bathroom accessories,TPW822396
https://www.trade-point.co.uk/departments/ryobi-18v-one-2ah-patio-cleaner-cordless/4892210197177_TP.prd,Outdoor & garden,Garden power tools,TPW780377
https://www.trade-point.co.uk/departments/turio-forest-green-velvet-effect-chair-h-865mm-w-750mm-d-800mm/5057741315929_TP.prd,"Home, furniture & storage",Furniture,TPW2023245
https://www.trade-point.co.uk/departments/magnusson-drywall-jab-gs20170227-sw38-l-150mm/1782664_TP.prd,Tools & equipment,Hand tools,TPW623200
https://www.trade-point.co.uk/departments/magnusson-40-piece-standard-socket-set/1785870_TP.prd,Tools & equipment,Hand tools,TPW636239
https://www.trade-point.co.uk/departments/6-panel-unglazed-white-woodgrain-effect-internal-fire-door-h-1981mm-w-762mm-t-35mm/73551_TP.prd,Timber & joinery,Doors,TPW0002696
https://www.trade-point.co.uk/departments/onduline-black-bitumen-ridge-piece-l-1000mm-w-420mm/3467670000629_TP.prd,Building supplies,Roofing supplies,TPW1249339
https://www.trade-point.co.uk/departments/terrastyle-white-yellow-black-resin-forward-facing-duckling-garden-ornament-h-14-8cm/5021346522150_TP.prd,Outdoor & garden,Garden furniture,TPW0001994
https://www.trade-point.co.uk/departments/goodhome-nantua-black-aluminium-alloy-worktop-end-cap-h-38mm-w-39mm/3663602634669_TP.prd,Kitchen,Kitchen worktops,TPW824276
https://www.trade-point.co.uk/departments/goodhome-chrome-double-13a-screwless-switched-socket-with-usb-x2-4-2a-white-inserts/5059340135786_TP.prd,Electrical & security,Switches & sockets,TPW0003406
https://www.trade-point.co.uk/departments/hozelock-select-controller-plus-watering-timer/5010646062435_TP.prd,Outdoor & garden,Watering,TPW585905
https://www.trade-point.co.uk/departments/frogtape-yellow-masking-tape-l-41-1m-w-36mm/152706_TP.prd,Painting & decorating,Decorating tools & supplies,TPW1625677
https://www.trade-point.co.uk/departments/site-bolden-grey-black-men-s-holster-pocket-trousers-w34-l32-/5059340603902_TP.prd,Tools & equipment,Safety & workwear,TPW638904
https://www.trade-point.co.uk/departments/cooke-lewis-onega-clear-silver-effect-universal-square-shower-enclosure-with-corner-entry-double-sliding-door-w-76cm-d-76cm/1601677_TP.prd,Bathroom,"Shower enclosures, doors & trays",TPW822116
https://www.trade-point.co.uk/departments/mira-response-chrome-effect-plastic-shower-hose-l-1-25m/1822653_TP.prd,Bathroom,Showers,TPW822124
https://www.trade-point.co.uk/departments/v33-high-protection-light-oak-matt-wood-stain-2-5l/3153895144421_TP.prd,Painting & decorating,Woodcare,TPW2023262
https://www.trade-point.co.uk/departments/white-disposable-coverall-x-large/3663602602736_TP.prd,Tools & equipment,Safety & workwear,TPW638887
https://www.trade-point.co.uk/departments/gyproc-contemporary-c-shaped-plaster-coving-l-3m-w-127mm/35819_TP.prd,Building supplies,Plastering supplies,TPW570171
https://www.trade-point.co.uk/departments/goodhome-mallorca-3-46m-sand-overhanging-parasol/5059340125916_TP.prd,Outdoor & garden,Garden furniture,TPW0997031
https://www.trade-point.co.uk/departments/talon-chrome-pipe-collar-dia-54mm-pack-of-5/5055332204065_TP.prd,"Heating, plumbing & cooling",Central heating,TPW0002071
https://www.trade-point.co.uk/departments/kraus-weaveley-herringbone-light-oak-natural-herringbone-light-oak-effect-luxury-vinyl-click-flooring-2-34m-/5011204621002_TP.prd,Flooring & tiling,Flooring & underlay,TPW951529
https://www.trade-point.co.uk/departments/blooma-paracas-green-fixing-spike-l-450mm/1906481_TP.prd,Outdoor & garden,Lawn & plant care,TPW1027105
https://www.trade-point.co.uk/departments/knauf-eko-roll-loft-insulation-roll-l-4-83m-w-1-14m-t-200mm/182147_TP.prd,Building supplies,Insulation,TPW763132
https://www.trade-point.co.uk/departments/yale-white-metal-window-lock/213970_TP.prd,Hardware,Window furniture,TPW0002276
https://www.trade-point.co.uk/departments/strata-heavy-duty-black-42l-plastic-stackable-storage-box-lid/5021711050103_TP.prd,"Home, furniture & storage",Storage & shelving,TPW1255297
https://www.trade-point.co.uk/departments/mayfair-large-white-radiator-cover/944588_TP.prd,"Heating, plumbing & cooling",Central heating,TPW0002069
https://www.trade-point.co.uk/departments/goodhome-caraway-195mm-black-plain-cabinet-legs-pack-of-2/3663602439820_TP.prd,Hardware,Furniture hardware,TPW580673
https://www.trade-point.co.uk/departments/harris-trade-masonry-4-paint-brush/5000253008346_TP.prd,Painting & decorating,Decorating tools & supplies,TPW2023266
https://www.trade-point.co.uk/departments/acova-classic-anthracite-3-column-radiator-w-1042mm-x-h-600mm/7613367051634_TP.prd,"Heating, plumbing & cooling",Central heating,TPW0002068
https://www.trade-point.co.uk/departments/slate-tile-stone-effect-self-adhesive-vinyl-tile-pack-of-13/3663602563266_TP.prd,Flooring & tiling,Flooring & underlay,TPW566441
https://www.trade-point.co.uk/departments/goodhome-atomia-matt-oak-effect-doors-drawers-handle-l-29-3cm/5059340008585_TP.prd,Hardware,Handles & knobs,TPW0002273
https://www.trade-point.co.uk/departments/ideal-industries-multicolour-32a-cable-connector-80-piece-set/0783250870851_TP.prd,Electrical & security,Wiring,TPW0002211
https://www.trade-point.co.uk/departments/atomia-matt-white-oak-effect-chipboard-2-door-standard-cabinet-h-1235mm-w-750mm-d-350mm/5059340101064_TP.prd,"Home, furniture & storage",Furniture,TPW0000475
https://www.trade-point.co.uk/departments/volden-3mm-xps-foam-laminate-wood-underlay-panels-10m-/5063022038289_TP.prd,Flooring & tiling,Flooring & underlay,TPW566442
https://www.trade-point.co.uk/departments/diall-instant-light-charcoal-pack-of-4-5kg/3663602160847_TP.prd,"Heating, plumbing & cooling","Fires, stoves & electric heating",TPW1652466
https://www.trade-point.co.uk/departments/diall-8mm-straight-aluminium-tile-trim/5059340164656_TP.prd,Flooring & tiling,Tile trims,TPW566476
https://www.trade-point.co.uk/departments/stanley-knife-blade/1303800_TP.prd,Tools & equipment,Hand tools,TPW623165
https://www.trade-point.co.uk/departments/norton-120-grit-blue-sanding-sheet-l-93mm-w-230mm-pack-of-5/3157629797051_TP.prd,Tools & equipment,Power tool accessories,TPW589066
https://www.trade-point.co.uk/departments/universal-steel-tube-magnetic-bit-holder-l-60mm/1738523_TP.prd,Tools & equipment,Power tool accessories,TPW2023035
https://www.trade-point.co.uk/departments/floplast-black-round-rainwater-reducer-dia-110mm/80981_TP.prd,"Heating, plumbing & cooling",Plumbing,TPW1655194
https://www.trade-point.co.uk/departments/hozelock-hose-pipe-set-l-40m/1556412_TP.prd,Outdoor & garden,Watering,TPW585895
https://www.trade-point.co.uk/departments/natural-pine-angled-edge-moulding-l-2-4m-w-38mm-t-38mm/1821915_TP.prd,Timber & joinery,Wood trims,TPW0002678
https://www.trade-point.co.uk/departments/20cm-palm-artificial-plant-in-natural-wicker-basket/5010795682577_TP.prd,"Home, furniture & storage",Home furnishings,TPW2023177
https://www.trade-point.co.uk/departments/bradstoneashbourne-york-gold-reconstituted-stone-paving-set-9-72m-pack-of-48/590654_TP.prd,Outdoor & garden,Paving & walling,TPW592557
https://www.trade-point.co.uk/departments/goodhome-decor-230-wood-effect-threshold-l-93cm/3663602530534_TP.prd,Flooring & tiling,Flooring supplies,TPW566471
https://www.trade-point.co.uk/departments/goodhome-barbecue-griddle-43cm-l-x-21cm-w-/5059340137445_TP.prd,Outdoor & garden,Bbq's & bbq accessories,TPW581042
https://www.trade-point.co.uk/departments/be-modern-charing-white-oak-electric-fire-suite/5030478717259_TP.prd,"Heating, plumbing & cooling","Fires, stoves & electric heating",TPW1652541
https://www.trade-point.co.uk/departments/goodhome-lazu-bath-pillar-tap-pack-of-2/3663602665199_TP.prd,Bathroom,Bathroom taps,TPW822179
https://www.trade-point.co.uk/departments/goodhome-worktop-joining-bolts-h-16mm-pack-of-3/3663602634560_TP.prd,Hardware,Furniture hardware,TPW1496996
https://www.trade-point.co.uk/departments/splashwall-matt-grey-white-hexagonal-mdf-splashback-h-600mm-w-2440mm-t-10mm/5060699096710_TP.prd,Kitchen,Kitchen worktops,TPW824277
https://www.trade-point.co.uk/departments/manrose-white-pvc-flexible-ducting-hose-l-2-5m-dia-100mm/261981_TP.prd,Building supplies,Ventilation,TPW763399
https://www.trade-point.co.uk/departments/ronseal-ultimate-natural-cedar-decking-wood-oil-5l/935265_TP.prd,Painting & decorating,Woodcare,TPW2023264
https://www.trade-point.co.uk/departments/stanley-heavy-duty-staples-h-12mm-pack-of-5000/3253561050855_TP.prd,Hardware,"Pins, rivets & staples",TPW580715
https://www.trade-point.co.uk/departments/goodhome-cabbio-brown-6-seater-rectangular-picnic-table/5059340881133_TP.prd,Outdoor & garden,Garden furniture,TPW0001972
https://www.trade-point.co.uk/departments/labgear-2-way-hdmi-splitter/5050171082232_TP.prd,Electrical & security,"Tv, audio & networking",TPW764819
https://www.trade-point.co.uk/departments/goodhome-katsura-adjustable-matt-dark-grey-mains-powered-integrated-led-outdoor-double-square-wall-light-814lm/5059340247922_TP.prd,Lighting,Outdoor lights,TPW579501
https://www.trade-point.co.uk/departments/site-nylon-black-general-handling-gloves-medium/3663602671510_TP.prd,Tools & equipment,Safety & workwear,TPW0003128
https://www.trade-point.co.uk/departments/erbauer-240w-220-240v-corded-1-4-sheet-sander-eqss240/3663602796749_TP.prd,Tools & equipment,Power tools,TPW638610
https://www.trade-point.co.uk/departments/goodhome-kever-chrome-effect-shower/5059340077437_TP.prd,Bathroom,Showers,TPW822120
https://www.trade-point.co.uk/departments/polywall-clear-jointing-strip-l-3000mm-w-10mm-t-1-2mm/1932776_TP.prd,Building supplies,Roofing supplies,TPW0002665
https://www.trade-point.co.uk/departments/sharp-sand-bulk-bag-16m-/35691_TP.prd,Building supplies,Aggregates,TPW763062
https://www.trade-point.co.uk/departments/jay-be-raven-footstool-bed/5016253005483_TP.prd,"Home, furniture & storage",Furniture,TPW2023243
https://www.trade-point.co.uk/departments/manrose-vxf100p-bathroom-extractor-fan-dia-100mm/1248744_TP.prd,"Heating, plumbing & cooling",Air treatment,TPW822369
https://www.trade-point.co.uk/departments/mcalpine-bottle-sink-basin-trap-dia-40mm/278315_TP.prd,"Heating, plumbing & cooling",Plumbing,TPW1652536
https://www.trade-point.co.uk/departments/lap-double-13a-switched-gloss-white-socket-with-usb-x2-3-1a/5052931646098_TP.prd,Electrical & security,Switches & sockets,TPW579414
https://www.trade-point.co.uk/departments/goodhome-hikide-chrome-effect-silver-kitchen-cabinets-handle-l-352mm/3663602643982_TP.prd,Hardware,Handles & knobs,TPW0003408
https://www.trade-point.co.uk/departments/grohe-swift-chrome-effect-kitchen-top-lever-tap/4005176472909_TP.prd,Kitchen,Kitchen taps,TPW824299
https://www.trade-point.co.uk/departments/mountfield-lawnmower-oil-1l/109403_TP.prd,Outdoor & garden,Garden power tools,TPW780415
https://www.trade-point.co.uk/departments/colonial-natural-pine-colonial-spindle-h-900mm-w-41mm/27337_TP.prd,Timber & joinery,Stairs & stair parts,TPW0002625
https://www.trade-point.co.uk/departments/colorail-polished-chrome-effect-stainless-steel-rail-end-bracket-l-19mm-dia-19mm/5013144051956_TP.prd,Hardware,Furniture hardware,TPW580675
https://www.trade-point.co.uk/departments/dulux-pure-brilliant-white-matt-emulsion-paint-10l/1785813_TP.prd,Painting & decorating,Paint,TPW2023258
https://www.trade-point.co.uk/departments/site-anthracite-aluminium-lead-tile-flashing-l-0-98m-w-0-78m/3663602628934_TP.prd,Building supplies,Roofing supplies,TPW0002663
https://www.trade-point.co.uk/departments/goodhome-mixxit-natural-seagrass-storage-basket-h-30cm-w-30cm-d-30cm/5063022087140_TP.prd,"Home, furniture & storage",Storage & shelving,TPW1255305
https://www.trade-point.co.uk/departments/b-q-white-cable-tie-l-150mm-pack-of-50/177976_TP.prd,Electrical & security,Wiring,TPW763740
https://www.trade-point.co.uk/departments/goodhome-denia-wooden-4-seater-coffee-set/3663602423973_TP.prd,Outdoor & garden,Garden furniture,TPW0003396
https://www.trade-point.co.uk/departments/merak-matt-white-natural-side-table-pack-of-2/3605095707703_TP.prd,"Home, furniture & storage",Furniture,TPW2023244
https://www.trade-point.co.uk/departments/varnished-cold-pressed-steel-round-tube-l-1m-dia-10mm-t-1mm/254247_TP.prd,Hardware,Builder's metalwork,TPW765638
https://www.trade-point.co.uk/departments/diall-white-self-adhesive-draught-seal-l-24m-w-9mm-t-5-5mm/1802897_TP.prd,Hardware,Door furniture,TPW580656
https://www.trade-point.co.uk/departments/diall-red-polypropylene-pp-braided-rope-l-7-5m-dia-9mm/1531349_TP.prd,Hardware,"Ropes, bungees, straps & chains",TPW580739
https://www.trade-point.co.uk/departments/diall-lost-head-nail-l-50mm-dia-3mm-1kg/3663602743255_TP.prd,Hardware,Nails,TPW580651
https://www.trade-point.co.uk/departments/nova-matt-white-3-drawer-chest-of-drawers-h-835mm-w-768mm-d-400mm/5706887965955_TP.prd,"Home, furniture & storage",Furniture,TPW0000411
https://www.trade-point.co.uk/departments/goodhome-20a-single-2-way-screwless-intermediate-switch-gloss-chrome-effect/5059340132747_TP.prd,Electrical & security,Switches & sockets,TPW579411
https://www.trade-point.co.uk/departments/site-standard-anthracite-aluminium-alloy-centre-pivot-roof-window-h-980mm-w-780mm/3663602628996_TP.prd,Timber & joinery,Windows,TPW566707
https://www.trade-point.co.uk/departments/mk-white-rectangular-trunking-length-w-16mm-l-2m/70286_TP.prd,Electrical & security,Wiring,TPW0002203
https://www.trade-point.co.uk/departments/cooke-lewis-hadley-white-front-bath-panel-h-51cm-w-170cm/173338_TP.prd,Bathroom,Bath panels,TPW2023149
https://www.trade-point.co.uk/departments/ashford-matt-kombu-green-shaker-freestanding-toilet-cabinet-h-820mm-w-595mm/5059340683010_TP.prd,Bathroom,Bathroom furniture,TPW2023153
https://www.trade-point.co.uk/departments/rothley-painted-black-table-leg-h-710mm-dia-60mm/253929_TP.prd,Hardware,Furniture hardware,TPW580648
https://www.trade-point.co.uk/departments/the-house-nameplate-company-brushed-silver-effect-aluminium-self-adhesive-house-letter-i-h-40mm-w-25mm/196155_TP.prd,Hardware,House signs,TPW580763
https://www.trade-point.co.uk/departments/abstract-matisse-inspired-design-multicolour-framed-print-h-53cm-x-w-43cm/5023076024089_TP.prd,"Home, furniture & storage",Home furnishings,TPW1726712
https://www.trade-point.co.uk/departments/verve-steel-spiral-plant-support-l-210cm/3663602557722_TP.prd,Outdoor & garden,Lawn & plant care,TPW581164
https://www.trade-point.co.uk/departments/dewalt-toughsystem-polypropylene-3-compartment-tool-chest-bundle-l-610mm-h-990mm/3253561835261_TP.prd,Tools & equipment,Tool storage,TPW638760
https://www.trade-point.co.uk/departments/m4-zinc-medium-galvanised-penny-washer-dia-36mm-pack-of-100/0716053615077_TP.prd,Hardware,"Bolts, nuts & washers",TPW580652
